2.91640283522428,4.65900498713569,-0.170911528941332
2.61876597159885,4.57947009836981,0.61803338852413
1.72792068110764,4.72571228561182,-0.238135915680412
2.20668292780843,4.57442451235264,-0.418681533833785
2.63183420825593,5.77549389447224,0.603707818330559
4.40413978277479,4.00721122248068,-0.0138262783252644
3.96105419203759,3.69969192547616,0.482661435307537
1.70480753197418,4.01883156935138,0.031419334855061
4.10646710199126,4.04000162719683,0.424446144452849
2.84149131649207,4.33504371285938,-1.36792654931197
2.40963448277293,4.45361766538109,0.548611977566511
2.83565187042183,4.4312285062612,1.4262685046288
2.33190652552583,4.7710518047441,0.911277924957008
2.37617439927469,4.70304482400546,0.830075213376092
3.26011204282512,4.86491950066435,0.102354254174451
3.21593103354604,5.32421989981904,0.368446869439214
3.22039931234012,5.07592988666033,0.408450609665832
2.81196518655674,3.95507010889053,0.31493784566284
1.78280323373245,3.48741956239516,-0.271260762911985
2.83701884762692,4.93231569960812,0.0311897890939603
3.33708770109602,3.70803710958607,0.143436191965942
2.71194920540305,4.55881428376625,-0.0500182815546573
3.01089576080447,4.54482659380601,0.783235640131992
2.84230244344869,5.52497952939828,1.85936671578254
2.27796961980401,4.49800612997705,-0.582976435491411
2.60513109071551,4.30207791357179,0.335143142121146
2.01295850842502,4.63441697690459,-0.658267042246289
2.93076538668225,4.63888695698488,1.07775215527232
1.81589488655267,4.56028485532893,1.14567996045194
1.85872659819002,4.25679420731404,-0.797510866259656
2.00079036397205,3.98219930399039,1.48326763347411
0.831520207949737,4.67050294970748,-0.432049904119034
3.23200439182525,3.92841030578212,0.397426548109517
2.62228525312697,4.06735281364681,0.948997486011843
2.03067978947083,5.12429752772466,0.347063973341226
3.19471448010609,4.34162048136238,1.70588017572757
1.50673490903291,4.46620590353052,1.99484408951515
2.38817056512401,4.93137246439537,0.34145344282492
2.3119250680483,4.3947459635076,-0.952160940853054
2.61900779072815,4.9893060265721,0.0231317947744252
2.61553076986727,4.37464149154879,-0.282418236006628
1.97045681892773,4.9818984486242,-0.229698863445748
2.42771128637057,4.81040666787775,-0.459243191312561
2.35386310109942,4.43369644437447,0.303424631826075
2.7879805000694,4.14180807949155,1.58632321228433
3.04297732745844,4.06246747144104,-0.19876801129236
3.05174506672108,4.40818124064134,0.0765599504965251
1.97112892672332,4.33301691440204,0.991717202172173
2.48654237841977,4.34619497566955,1.0210292482534
1.77917176693989,4.96881448635122,0.561056715880913
1.83428158526851,4.3958254752356,0.902883435239416
2.44041952767358,5.04042844316145,0.804669121507056
3.28362725134319,4.29121194118765,0.0125287504266151
2.02260767647382,4.96390430146088,0.525229400228971
2.64758361230771,4.29540216823253,0.0647868803984139
2.32061339343425,4.60792767580554,-0.315153190989648
3.05617222117509,4.96308683773779,0.655421910992314
1.84766597820597,4.34382565584957,0.296635029262074
2.46200351671786,4.33295915113005,0.135628208844921
2.74680257227383,5.42490320365267,0.438478275349382
3.04700010253356,4.95425690760853,0.878646604446854
3.28997074791486,4.33576169315479,0.502487275033344
2.4912374792117,4.81917480580086,0.37701872535454
1.62719339948718,4.3679286680847,0.430925176094073
2.03759559843478,4.84464106289091,0.286368202165525
1.86271879720475,5.16214663795889,-0.235841827765814
3.73156950121643,3.81139846418879,0.75157807783424
2.1069920222575,4.98907676560766,1.14504462786355
2.85390958836012,5.18098269869104,-0.0838199713835093
2.3387791004488,4.55018950654297,1.47319511594597
2.93088303401673,5.30990942737608,0.142504896316567
2.02524587922071,4.59845109429981,0.099812367397237
1.67611671298318,3.97570294313635,-0.313718869571173
1.66510367975465,3.54799922223188,-0.247144200984162
2.71156587604647,4.37985551206199,-0.348740482594535
2.34701868475839,4.84806595126268,0.477803094935731
2.3367881414299,4.67090873899739,1.26402176594803
3.22155924478252,4.71393187515723,0.587575110904915
2.6038783982267,4.27087916660818,0.794218603426394
2.55251663528583,4.59335924874266,1.10263188859512
3.31378966528875,3.7961260924718,-1.32687012026461
2.00354690814192,4.18903710418486,0.14799981233697
2.82572796584923,4.16278428083348,0.477240121152318
2.90156768469544,4.76138951012553,0.707604719145025
2.31068277918899,4.52262711443674,-0.571287004812003
2.56229843048196,4.01219124188056,-0.382193750444444
1.80561203937631,4.524700013403,0.754045767116288
1.81541142722604,4.22046703463006,0.180247450900203
2.50161330685372,4.23080275977934,0.603778391887521
2.83976588487823,4.91541905506656,-0.353591488477024
3.86030294046974,4.57968239925269,-0.779333730882009
2.07889999544664,4.70711296612559,0.735398961839285
2.54677648706198,4.92428303830365,1.00868734209697
2.39898700153544,4.60957337682257,1.28617724739165
1.3854108028981,4.77530931678483,-0.715068157933162
2.20373939468818,4.83439059489614,-0.591526066290821
1.46118497423733,5.05247179315601,-0.67816873844694
2.9044636936011,4.74177100957156,0.227623590766693
1.95777585589965,5.16052934276551,-0.135307386522258
2.49899416173454,4.539070506935,1.08511811134595
2.14592028100956,4.50755183431906,-0.666291276981215
2.61041624508088,5.28981967326508,-0.847984770714512
2.11535865922936,4.30100967764293,0.38381971528758
2.71253611798177,4.52768290838694,1.00844906246574
2.84913692016519,4.94033674952036,-0.253776277180994
3.38181061383604,4.59595618733609,-0.546485124200701
2.33784521970207,5.15726502305744,0.159528192159994
1.27294564214725,4.99143289727302,-0.781006121952796
1.98430936323577,4.65935388256025,0.26494316019183
3.18611292889623,4.1811623258447,0.777891741629331
1.85692742258303,4.78239388471444,0.391683455556754
2.97050717035833,3.91063270543257,-0.953538867223688
2.51211593289529,4.63829208405734,-0.0855422980026592
3.23108220773419,4.8905045092844,0.0629516345817615
1.37014189651544,4.62423482931858,1.40098368407488
2.33588728123474,4.92236327287416,0.832576684662055
1.78260684092197,5.44077286455245,0.217872618034458
4.03695265501618,4.94215483775536,1.08208692214534
2.89616206242795,4.64832879637188,-0.406775334253553
3.19946511765198,4.8159194347589,0.0337103617667506
1.86458186197322,4.71924252109986,1.14735575302616
2.18749973461233,3.94099746029543,1.20416402700216
2.2949334175031,4.34273492660979,0.715903970796717
3.04580300011613,5.07665673086537,0.564352621810393
2.29197433349419,4.50946823610871,-0.116725086857626
2.82842114084063,4.78942729338847,0.725089537307798
1.32034498786142,4.07883916813661,-0.269797559447757
2.25035943342533,4.55781244967699,0.617332447586729
1.99307414129383,4.79741840632315,0.432225774197028
1.58038135332048,3.92007168708615,0.974534185116003
2.72240023412153,4.68440783608625,-0.0153688422600788
2.59862009170887,4.44763692583361,0.656303826052121
2.46250874590744,4.10878696460419,0.755623498049705
1.71368556511686,4.5121743330557,-0.314209943078454
3.06172401344012,3.68090653462247,0.352791548702088
2.63597222154083,3.57729954373874,1.26416570483694
2.28036584818264,4.00262357102127,0.325086749572289
2.45670831500622,4.08598020959681,0.0587820854092129
2.30067024948523,4.00436368066316,0.542790528628225
1.48554026455669,3.75732491984743,0.0799845904274307
2.28771357846351,4.65785920568127,0.534242259447685
1.98881286723957,3.81601905195008,0.168740682665926
1.90783767738812,4.57825105323115,0.242381842296396
1.81078378683604,4.88094660361035,0.54540245353544
2.15192979468992,4.52796383626428,1.11557758438533
1.34728229217043,4.57059918873654,0.539764202512265
2.97230126456506,4.35984270843691,1.29650299539976
2.72901970800512,3.8658867707895,-1.02887511052099
2.43320135305655,4.50936341827029,-0.0301613231151314
2.42512615101278,4.95865378294146,0.403228838532074
2.00699885933457,5.30632645155169,-0.274236128562685
3.00212796719987,4.33656560489619,-0.553011269137449
2.37120484059917,3.80119883336262,0.644220883201769
2.05280677045545,4.60335254558356,0.641480088092029
3.18435552843827,4.69723091605483,0.436994345119556
2.32105888150528,4.42746435205644,0.503993501081048
2.12154657202835,4.01515048942359,-0.296618652854903
2.28327558735155,5.43426874570789,-0.0607921354371183
1.97974272843842,3.47374869237566,0.186508451777764
1.8306515212884,4.30089325317144,-0.181047709208278
3.82771807080384,3.93791075300715,0.4638735292101
3.35092443469944,4.24447448364853,1.74987310554662
2.61261500312027,4.67110716133055,-0.0510158530257604
1.75561897630853,4.59069661638315,0.663455832620194
1.9701346960451,4.21110929712384,-0.400254002300107
2.34747934264578,4.8764462262786,1.10118234849262
2.87764748850544,4.80730271002439,-0.358964546774016
1.71460219092856,4.81847721840046,0.385976969233349
1.16805026195469,4.33861141066408,-0.13725915709004
1.65046778387209,4.99789925746968,0.577800758955916
2.62684246562202,4.82443687704466,0.261154640911383
2.65852425628839,5.65091684340253,0.226152782558075
2.69156606568736,5.00455329422272,2.11914352482131
2.37281121575489,5.0463507776744,-0.144502567946119
2.54478172055085,4.55265253723175,0.224324497010665
2.18337131115314,3.95277594861135,1.95086795946207
2.91631974088622,4.3629444965587,-0.471257235418416
1.69834028105356,4.19006483775986,0.603720748364834
2.69340101157567,4.27674511824404,-0.426838443247709
1.97931378702365,4.77722519679719,0.90580733907559
2.26074592849507,4.27996096550335,0.461121674393543
2.74694296716655,4.12865292167976,0.666413577051097
3.01330444939699,4.34590276324832,0.0776063768584472
1.83201514121481,4.45700893595663,0.409046412445923
3.1346622714804,4.71201960778401,1.18527292826187
2.80574634871328,4.10292791590338,-1.18492692380895
2.40699956462663,4.67086837309134,-0.77901012180872
2.33724400538721,4.5638513263135,0.516739260167378
2.32498315254974,5.12124286392487,-0.160138549973928
2.27815217761345,4.43362694569102,0.0665465010992484
2.45679366752896,4.4688190072285,-0.692760991827878
2.47226394406038,4.00511343843617,-0.318293919200027
2.89662428329409,3.90945138011443,-0.00165322151388991
3.2805306352879,4.66782322697207,-0.205061432670548
2.69991062802884,4.41738478381679,-0.294039615126014
2.32930633313431,4.75424087575612,-0.0128256973741083
2.78660192049114,4.12974936956509,-0.342220899066114
2.54452876427536,5.3824723466936,1.10265541291271
1.88014414658141,4.58362291643136,-0.37116736925799
2.96408126816636,4.99720719727559,1.4037415423073
2.61235579884701,4.42747788714687,0.0171591294051346
2.51820942417686,4.45628660782247,-0.664187816803287
2.72638309981837,4.83756027570066,-0.137315099177625
2.58734919953918,4.77750166934475,0.845003935881637
1.9284980648571,4.02796641828565,0.921801932292036
2.35525505385199,3.84351853182101,0.355310260149384
2.36417364132799,4.03797829277829,0.435741555033045
2.15277642725196,3.89580660782678,0.65425826604171
3.36549714203709,4.55560046247677,-0.668805468983673
1.96451434201845,4.34504268031815,-0.113931901322495
2.17917464257373,4.36438028227228,-0.903514430624994
2.05419010663092,3.92031847093907,-0.0300640947171164
1.80102847793991,4.87759283811732,0.85434767029929
2.33887713897937,4.72547030847866,0.707723420900406
2.29405661190482,4.48887929218655,1.70092349058837
3.28222628994826,4.98564531760829,0.359421465615578
2.30777459032786,4.13810418642939,-1.10991087310495
1.86127736694049,4.71441929448681,1.32244357038287
3.32242079135617,4.68478732722908,1.06495918470598
3.12043267921285,4.68515100879852,-0.114514543948523
2.31839947218715,4.20283039281299,0.394767392374535
1.61921341410454,4.67512708818149,0.746942028550633
2.20063837441726,4.29869761906016,0.497283802615049
2.35875863627236,4.12805677923978,0.694394745289831
2.5953798692689,3.99084179338072,0.182686053641277
2.30112583918747,4.99308494897838,0.229419368161045
2.6870432433692,4.15064193258688,0.309685773378738
2.65882035784134,4.45163026337523,-0.245448656077104
1.75914600971481,3.98843405426932,1.15393294781259
1.92495147838521,4.39608054083275,0.257978141241878
2.03825053402383,3.08354844186401,0.688142242434753
2.16602793179517,4.04285674020883,-0.286733873535554
2.26858462283094,3.89103804174602,-0.426064892189987
2.45100063440376,4.07528351009491,0.196440891335703
0.785022298608959,4.433583699293,0.0941066885024572
2.19385383126405,4.38345973473515,1.00964656648777
3.12468807789609,5.39852081300552,0.637281978339287
1.85991464083327,4.27325492858945,0.595824973454601
2.95559503645243,4.417141851327,-0.659886296548976
2.63604977399008,3.82714047141333,-0.358049669412177
2.4282839480986,4.31546766791813,0.381762119197485
2.54410422698827,3.93059833544352,0.0339562840366754
1.58695457647006,4.54250982074655,1.06989691877098
2.39786687908362,4.91047168595352,1.10219378464571
3.32268865643282,4.70974733100297,-0.113355079066674
2.49803835383036,4.21563280065539,0.807457985346276
2.4668323205733,3.7997587356957,1.13653363325341
2.04205007513198,5.18189743138308,0.456982511912305
2.42729368417092,5.4457666669038,1.28069084902106
2.5714327591629,4.58284919182956,0.925915456349666
2.67771314261194,4.08626222976316,0.389385674819375
2.23997530170246,5.06461937299374,0.808512668175239
2.31465954983023,4.26391576715522,0.376927422344187
3.55259220718966,4.31885455085094,-0.00842720905545452
1.20721964670742,4.9253596991486,0.480682842161033
3.66528874909823,3.90947055756558,0.276882859376537
2.62906231260026,3.65387271399728,0.0233606331771492
2.9919269289456,4.71709515551332,1.3740647550876
1.53267063683038,4.70817516638285,0.39391900835375
2.12099581865661,4.57150855188016,1.98081604067755
2.29186904425147,4.75108369799058,0.0666621974922254
2.67570197867238,5.01295239358314,0.610865476110295
1.52936446140596,4.96295713005313,1.25491082604203
2.7024958186515,4.27468764351229,1.98009032220437
1.77986728911086,4.89119020854143,0.445964541332755
2.48042484178406,4.60643826544604,-0.245829713938735
2.8014810949207,4.30287417563405,0.762075904962327
2.62330918085933,3.99529711210317,-0.580806133265939
3.03715385096087,4.81829388513912,0.0807783669872315
2.99522218736476,4.3708148512954,0.425917371131531
2.08765420899032,4.5497258370135,1.19604998884649
2.58496651515172,4.17434278187571,1.16290174025565
1.9269140318047,3.8355485322372,0.236542274861751
1.72019766976143,4.60569543625651,0.838319104057934
2.95071908471981,4.50117022395312,0.0507780536455436
2.44419836264252,5.06518125348652,0.672105724197978
2.41409073081426,4.88749264519611,1.46531187948667
2.94321601533616,5.00001181337614,0.353117115015316
2.7698379625753,4.19405182028694,0.0638976871825108
2.63598414177541,4.11022174604096,-0.0622761286330198
3.12896185947072,3.96140682668214,0.70710992077323
2.95343771936211,4.75166339030013,1.09974928593116
2.57549480353143,5.77627468461281,1.59837167430973
2.06604471018137,4.8543397919924,0.288155187937674
2.08730043216827,4.18323490870265,0.357086600866643
3.09711214451362,4.90311367483401,-0.14618524557823
1.56133519642838,4.02435503049403,1.27348656974605
2.43077270468378,3.89191729411362,0.206255669590006
1.37674349926175,4.84980964285996,-0.0453278166767214
3.00312084158449,4.18106976073672,1.63540880152845
2.91615251617035,4.67027286721701,0.766187418538897
2.44480755851716,5.15798132167445,0.707028601984687
2.40537191962074,4.70834807596735,-0.382005394257879
1.08237727144797,4.94471640376692,0.528450866954296
2.76249225010681,3.81082310778789,0.582941325194519
1.24332499765218,4.82480768766606,-0.436822454739161
1.1738489180535,5.48532696729751,0.111168682441982
2.48795255541508,4.77096458811911,-0.00212138503242548
1.92466662911328,3.83985846065559,0.587821113514319
2.66955375473494,4.43811146570591,-0.382885601375108
2.81496707428303,4.30536844092122,0.942734638188496
2.91397052249483,4.70025318657527,1.38282751793897
2.06560761538173,4.71322750829664,0.0618624059571294
2.69030532022608,4.710301466843,0.248473399888739
2.49929021518442,4.36627198780292,0.574397757841205
2.89662823141977,4.26095708166834,1.01497700926152
2.73783638622106,4.26528747265884,0.584126633554633
2.93596480421437,4.91067475068611,0.50508763013265
2.37190571272811,3.7002692832681,-0.0513827542985991
2.36354550114788,4.43625089399358,0.107561951283991
2.99615128611912,4.64987649354787,0.641912503394963
1.28099705804537,4.23703161403708,1.31830176387606
2.16779770266906,4.74238221537706,0.613457292734204
1.74823781757847,4.49706456825952,-0.508786241057155
2.23462073257789,4.10933859258916,0.527865071291469
2.79946732358937,4.60112365189179,0.195711355583262
2.89644044516368,4.40902465450607,0.0996197369506591
1.88826353148716,4.34565906487772,0.115346550084099
2.18615544184098,4.21084649844293,-0.302439694092084
2.51922267367987,4.55643894101897,0.0510791624840923
2.2843109045697,3.70334559194485,-0.242134159360558
2.60948389016961,4.35081969880957,0.023151062806953
2.66322225808074,4.28587757558457,0.328142054842067
1.93481013573536,4.12114627654413,0.364235733203564
2.34731713368046,4.82085536903483,0.117580541139317
1.27637475248383,4.20058359575138,0.157453658046577
3.07151150453321,4.77073815332027,0.275279933604072
2.09960385866495,4.9653689960078,0.543816748687951
1.78479527256651,4.45880510318044,1.06454838826015
2.30507982771035,4.65319531887346,0.646153016054082
1.66166894471151,4.81496051788675,0.0726651623844291
2.43274687146855,4.49274521610639,0.632191979308266
2.13708219337749,4.77084416706934,0.0986851337649093
3.63698958345418,3.96432352166018,-0.872263444920109
3.06773423275881,5.02555632369307,-1.23055080276569
1.07656999785519,4.08641380169936,-0.8297991938201
2.68589577492129,3.71107939166327,0.104001184592374
1.67837940609545,5.14812624260517,-0.13791214179431
2.30447158375028,4.50090741028072,-0.201495783478714
2.53421887868194,4.72972331355774,0.27968748696754
2.85372185377196,4.36650555781001,-0.162802817428117
2.29461708573359,4.07254091662842,-0.144799087955754
3.30754620684152,3.15467743179336,0.639534393971134
2.18075093240798,4.80904016772524,0.748765712582415
2.62355683561431,4.40075046450648,1.79500488911878
2.80826093179063,4.44070525445888,0.445232876104297
2.49083077305504,4.71035192243078,0.290858346806277
2.92668877182974,3.894207757075,-0.109140568057305
2.62120218566069,4.20274185777949,0.130510469620663
2.01467650600513,5.04206029463059,0.222014846575243
1.45532734990667,4.79633287747129,-0.856476004928437
3.46216434232354,3.95595328665261,0.0912063798415639
2.11305629286717,3.54362996180081,0.728025544480932
2.50078351062655,4.2734905647882,-0.107009412127259
2.75263030415449,4.62466182004921,0.566554265324241
2.50639069675559,4.95040346203648,0.881015622803937
1.94863210406384,4.57087499904925,0.935216856103839
2.18799323189655,4.02704662512179,0.745291525378014
2.37576601787981,4.66587762421041,-1.17527489925169
3.25422998659011,4.00467559412962,-0.102969527869287
1.97268288790835,4.09920237334318,0.824126877792508
2.87395167887608,4.2366004982084,0.50358835588571
2.61321091469742,3.97915813132437,0.257043839722874
2.31608063880629,4.40778039535209,0.53030523593199
1.865243243549,4.12648977999129,0.968694375949249
2.28854064881974,4.40119696059668,0.351226788454778
2.39668883596008,4.32215848389101,-0.225824309446288
1.63935023099638,4.34569816611142,0.140028485143075
2.54943360984725,4.30377020581008,0.122555959354032
1.99378248287058,5.0805069214434,0.821125150765902
2.39255336332145,4.80189647608173,0.514739919642639
2.62832269015435,4.55537755623312,0.600255487672634
1.94867162419143,3.87292116365637,0.347472723707991
2.28628654780282,3.80187836103746,0.0248557661032307
2.63590832802347,3.65029569342391,0.292642782858494
1.43862959442784,5.69403864410763,0.39103025683603
3.01159843315749,4.96381892087004,-0.630276622049583
3.77210311805763,4.6438850688146,0.3671011894991
2.96965635986423,4.09326610667202,0.840629402818279
2.27121561448448,4.01628994661228,0.184290987639767
2.67893736959684,4.77387151721462,1.24844536957502
1.87673882675576,5.22888652160621,0.60845902206182
3.47272033185294,3.77167337818175,-0.0118756386026055
2.95941608083994,4.32798307626681,0.156610019261799
2.87541810340657,4.49126312444989,0.0799227597696606
1.96443496836768,3.63811146535637,0.406471598098519
2.61941441733499,4.90517618452639,0.731279217261353
2.13838068564048,4.34351857999671,0.0693536016126424
2.27359414157068,5.38411295334892,0.543919949288873
2.13196376983297,4.35414445785946,1.36411563804961
1.88235361990836,4.71195147572826,0.843100010244794
1.9464306022152,4.01805027671207,0.77591669396
2.32920555455709,4.24951210957792,-0.261355646818444
1.51366487814284,4.00629093752485,-0.0838867556473603
2.77696760052357,4.70452468843157,0.40737677116492
2.37965027891196,5.11116001088217,0.190318280408545
2.82711694522928,4.26347501862652,-0.773797249108239
2.59186370284835,4.7241126932263,-0.703831667926342
2.71490322929365,4.30340192702687,0.902992790820924
1.63183221963745,4.5746236429728,-0.225508283569928
1.88534924052183,5.06393919085804,1.5684342919348
2.19934180870249,4.58275179616005,-1.15133408798297
2.50423354327391,4.06526922180101,0.537796678342171
3.06240547543378,4.14565146420045,0.254369622739927
2.28535176089057,4.4529895870835,-0.22431410200389
3.13515084494229,4.4432430247153,0.509691105614444
2.70457195294926,4.14175535328618,-0.248103010005786
3.08726128911733,4.60975514213706,0.797748271077916
2.51370283195618,5.09536843874202,0.296265434764477
2.08441815876596,4.41663336526362,-0.782865993703469
1.63277537100863,4.43747317748943,-1.27957286392342
2.52933588967993,3.54440915820769,0.0744638255400933
2.89251010819521,4.18258689503621,0.978645165008763
2.28391393986327,3.90586924355127,0.368555151994926
2.14797014007639,4.35623029840503,0.288284489744147
2.27512097476128,4.76400904676001,0.688947235909463
1.84354217152497,5.21018641494014,-0.627294523929226
2.17413846225926,5.33327085570271,1.15545407760974
2.34517603664205,4.47668745208916,-0.311347477015535
2.46927926683991,4.3857635973756,0.277858125988631
2.40923560555525,4.89456408178437,0.0240322249942338
2.77901313516586,4.74816553857941,0.348561457270691
2.50404682599448,4.8711904081092,-0.975847600795036
3.43774824096099,4.87701665553405,1.21776938887451
2.6150735484346,3.86694708633636,0.599174292818983
3.43253300283045,4.77061779463377,1.52516339548385
2.04810111300231,4.48802219027985,1.1499548291165
2.73257274934249,4.18896448639107,0.261234643028409
2.30162579161294,4.2187743734275,-0.339933305382839
2.77288264897177,5.10204501442797,-0.845808597112494
2.76948035355335,4.166834017056,0.264707017439852
1.24683771068351,3.97583770283185,0.392582013719412
1.71731959140457,4.62497038375222,0.915408662982409
1.65489540608103,5.42820415726661,-0.347480607784325
2.66427035481756,4.54038797542538,0.756647659521993
3.24943346477326,4.66683538475266,0.299149811002417
2.26516753395984,4.10936277684544,-0.235348928817158
2.88909869280167,5.27769182081663,0.743596573258763
2.74297567990449,4.5848560959983,0.421988428583572
1.86816832105371,4.76602817429918,0.105279838942884
2.66187269864044,4.10318183202946,1.44127748550627
2.03234134993401,4.91089924482539,0.639290462993845
3.27466464167088,4.70299094848526,0.184230307772652
2.42633364747452,4.01198028377499,0.42945314539062
3.34024497554158,4.54673201045458,0.309026302735983
2.21135693561332,4.32744586368676,0.36376351829122
2.76701701027732,4.57781685017137,0.540849866818092
2.40977888844021,4.41690904784502,-0.127724684793606
1.33669854284116,4.44403308361127,-0.25010855983717
1.90623546807339,4.06702671880712,0.482068022928747
2.77965731391235,4.38437914280404,1.44621029231228
2.41410868769058,4.87176091584986,0.059922468441949
1.83141630563325,5.30920125103023,-0.386529238930262
2.10108940390488,4.00995939654636,0.103104206422607
2.5808375541835,5.59217058786704,-0.0521442123941176
1.90027214926095,5.21144249800413,0.0469427789643255
2.97817328975342,4.60431853041905,0.554717612139262
2.09324000953767,4.39425603041118,0.171751319992594
3.43492591986584,4.21651199696462,-0.121928388379755
1.85270395456135,4.90138600879836,-0.0266892046423993
2.55327161091647,4.21832277218395,-0.582467559406483
1.61107050073416,4.3223993313183,-0.289635283890156
2.04782196854586,4.9241252821364,-0.639686775715547
2.11923447940107,4.72391985052082,-0.0723645045482588
2.66399202564485,4.92999729786479,-0.432302661483852
2.96019873030283,4.75468271035932,-0.193272730164868
2.60875400184548,4.34967303597842,0.0631905463612765
2.23983184390403,4.2991598683467,-0.505251604918869
2.89083251044803,4.88510610142952,0.241727860189081
2.88173948568122,4.22879431886818,0.469242878850001
2.5100102036383,5.05964974257091,-0.355227130731002
2.75705627189551,4.88257235666535,0.958480134347682
2.67026874567522,4.65763264951373,-0.749167518490562
1.90358977227013,4.53040244767135,0.00618093306513287
2.8602037652495,4.69246866236444,-0.68502438247093
2.08420708284167,6.10613795268736,0.0360122735876076
2.11339128403555,4.47867648127008,-0.583344305939276
2.54108882524821,3.83282971500092,-0.10958391207489
2.2757444722246,5.38541946867954,-0.214490434904021
2.37197007834921,4.80169113154826,-0.49548735840357
2.77026188694966,4.23920479884907,-1.05195852036046
3.01754498907945,5.69946744202387,0.611348836776214
2.33574465064515,4.77535220398187,1.51897473719369
2.62364778115339,4.66053157290884,1.66012954877275
2.31364794962832,4.18109736362385,-0.0573068043480004
2.56992645672941,4.05270846814955,0.224878822175615
2.6851678369059,3.73810088765569,-0.0405906377814866
2.10629967497053,4.33982431912179,0.30200700617864
2.5947053670033,4.05799796159022,-0.327107311526354
2.77340820172462,4.81864463748586,-0.960003592753181
2.4947302063102,4.38691204116083,0.230924965185448
3.39164421024985,5.32007676544314,-0.520863904841756
2.11085041915866,5.20451266963119,-0.949231476032688
2.04046679599104,4.60230732890136,1.75558026298555
1.48572269015954,4.4025039079373,0.10639284504452
2.94286290626775,5.04422389896281,0.509410240434316
2.91909173264795,4.01622588495104,1.00815699501487
2.40041194904432,4.83024690174218,-0.811561421315435
2.93628662593817,4.22972325692171,0.515271705905428
2.54478956789753,4.34992993106701,0.571305172197798
7.8015386972732,-5.3851042675198,10.4229499842629
6.68925806742035,-5.85741987343316,12.2811738882758
6.72712901044179,-5.10629263721469,12.290960602095
7.80314868840874,-5.38374166739995,11.9798272608813
8.48282460966117,-5.60680889748236,11.2488615902995
7.01703563575232,-5.82840495522806,10.0878437067718
6.93311320189016,-5.15228060259266,16.6965168275504
7.57880939132947,-5.05791907892674,14.558726397178
8.048527872972,-5.26604831477359,11.9285266341321
7.97472483961793,-5.6544322935031,12.2737535538198
7.48127931133144,-5.01865393689148,12.9437803281013
6.84166440987086,-6.01981783301224,12.4190526481991
7.73556738856656,-5.4439850668005,11.6296069501317
7.23423084849673,-4.75825372083826,13.7571420983313
8.26390766556838,-5.62700073484364,10.8263944118808
6.29450097223138,-5.98528639731517,15.2041702590607
7.39012345420008,-4.45863358606208,9.94263442898101
8.20222690320491,-5.65834294278409,11.9789536651168
6.9402847601774,-5.28121367158315,13.6702491728411
6.8484396123559,-5.963254582455,12.6029750042649
6.63007843275777,-5.36556827103379,10.3105769836149
7.09316929657678,-5.26730210036523,13.7398893296565
7.14846501463104,-5.52059994862171,12.6670806297294
7.38694817703476,-5.34449139988534,11.2840989104328
6.66563560513462,-4.86331912796082,13.0071497421417
7.34862069807814,-6.29216435965264,13.5055855205913
6.86325353781214,-5.410506648754,15.5254816843089
7.02952731721275,-6.61372129535307,12.3035889144131
6.69758158362327,-5.50753823113559,12.0201472183936
7.09051755591905,-4.46571160809234,11.7223145416444
9.81453528618195,-5.00761659641283,9.71102932183455
9.69974681659926,-5.52689112325368,13.1735610702482
8.10125096936109,-5.70836102517605,9.53084131483032
7.84693271334922,-5.23375535899687,12.0546095904722
6.38647797217194,-4.94421069623913,12.0472633930737
6.87688782706393,-5.51502467685261,13.6314326311987
6.85227162772996,-4.63865727420382,8.51717508652336
7.66877257270765,-5.96996061133844,13.7345714467567
7.63178099354086,-6.61731618195461,11.7018809242265
7.36696104033352,-5.93289975674285,10.6076221177449
7.04963993616099,-5.63226175298246,12.4238882146676
6.63558387715843,-5.72726754831909,12.766227985661
7.29402057615608,-5.98722274407888,11.8363141485207
8.09575790305126,-4.79066300410194,10.3581032128527
7.59244760936801,-6.40839186734023,14.1423534325642
7.41826663360476,-5.79247803599926,12.7153015056038
7.75516595494818,-6.05400677835237,11.436544499301
7.70338160304321,-5.78277804784175,14.1564205350845
6.14725390072332,-5.88797139913003,12.9554748484566
7.30353304486947,-5.26108184019583,10.643679760071
6.98905783250417,-6.09330946820227,13.3145148924001
5.85198310089869,-5.97259194105213,9.89706121872496
6.35082905464856,-5.46770747863231,10.9402065240238
7.06406428291398,-4.92937675769489,12.6505337205344
7.87392505209949,-6.53886484649969,13.0178326825379
7.12812307290335,-4.5373332463684,12.5359163849419
7.4756969016673,-6.0042038661756,9.70250502015176
6.65529014777446,-5.16832061957551,13.5940652353267
5.76481420068776,-4.94822800134397,14.2206114756223
7.35666674859516,-4.79841035689322,14.0870895706011
6.61767070927927,-5.80646762088476,11.6296490457819
8.11940386457949,-5.50978059863595,11.879162171655
8.5171556263336,-5.61203044431416,10.9973484722202
7.02742877900696,-5.85483268411948,12.7900619966342
8.13373988764138,-5.37427687823516,12.7927757838153
7.96458855941579,-5.3266613581262,11.3451815286459
6.28966998683476,-5.71606938517448,13.7366511179988
7.26667109452787,-5.45060192669255,13.6413502218628
7.47489571450185,-4.05871739637043,13.3655342292462
7.66007055496791,-5.52724255527006,11.3706579705756
7.76881813915047,-5.13404950400569,10.5432900243702
7.76712731590213,-5.77644168782399,13.358603018915
7.76995807775524,-5.81222907884445,14.482890909396
7.0692303339204,-5.71249382171444,10.6117038099189
7.55842341161896,-5.21387741738809,9.31336634457591
5.69721795400484,-5.96211951497062,14.4671810349686
6.46410887281432,-6.53799919717062,12.3489997940077
8.14017561506505,-5.4939508318976,14.1018873211647
6.82304483482347,-5.76213290389677,13.829943900939
7.52187679166913,-5.36973203624712,10.712887365775
8.35666445776965,-5.47675789217056,11.8254493244561
6.66170402125363,-5.12374348904488,11.255432157386
6.61194090589764,-5.02973565584947,12.6903234990347
6.94185241195473,-6.24918044208507,14.0856181668789
7.60213167123606,-6.35814466013334,12.5153935384499
7.1454673846947,-5.24790437491626,9.46630979979801
6.59884366322157,-5.3552809498229,14.1831913569846
6.1780163747787,-6.03749781704938,12.4399955692957
7.02844310942415,-4.84534538772665,11.7863342961648
7.13388411442497,-5.50501707480907,9.46187659927722
6.91180495730376,-5.45541728979455,12.9650225777104
7.1050152731651,-5.37305566750837,12.7829550591178
6.51568225601747,-5.11002481978191,12.9150407530367
7.67862429832656,-4.68809677232654,10.9116030858918
5.75256862427886,-5.66658847958436,11.4036119862788
7.3925155739183,-6.47103284218671,11.140335006897
7.76333565215755,-4.96800118674655,14.9641994036837
6.69004471828106,-6.03124043360817,11.2759916619564
7.24988876279469,-4.84190669798816,12.1580256177009
7.49658161939642,-5.84597470213943,11.1773641072133
6.85565663564399,-4.70618025482777,13.7242105008719
7.28061038206199,-5.96455082840734,12.4188717769389
7.58166582095993,-6.13249404372911,12.5391926880828
6.62759273934834,-4.99896105746002,13.7647527433908
7.88080277701413,-6.26967254738151,13.391147261326
8.06421314119346,-5.15032670869447,13.5477448059188
7.51736664748352,-5.28329257078942,9.42006664653219
7.30094396383224,-5.601569312148,12.747244935275
6.46683700067938,-5.71016350196826,13.8027515735629
7.64016282132452,-4.39598914172633,12.9311838743497
6.43052251114676,-5.728239732556,13.7115768616675
8.41511453901079,-5.62727702683183,15.4360308891079
7.6625316502022,-6.03726336183053,14.2019856553323
7.47751259523508,-5.96865013173145,10.8477928717509
7.01194183572534,-5.84275960027251,11.2622998909721
5.75137398714284,-4.586752837014,12.2639963144625
6.44480221637372,-5.73694018616755,11.5274564723505
7.5485837568633,-5.90106281069864,12.3245653461126
8.99611241816652,-5.76859903426466,14.1730311945909
7.81369140264095,-5.13181840357953,11.6847526888678
7.50928134504708,-6.24375412937639,12.0316041703761
6.90701476071915,-5.17960952719177,12.114334455483
7.37672484194418,-6.25227866142148,13.3901372727177
7.97069181481214,-5.59476692940393,13.9025306497551
7.11067023925009,-6.52373068799934,12.2248455326086
8.62793106157335,-5.22956162186269,11.9877967226314
6.42740759801016,-5.14360081113325,13.7565197088704
7.02421773736611,-5.89968495534217,13.4590956276819
7.32733057984698,-5.34915503955811,13.126615043558
5.90861780352555,-5.43390602207431,17.0553199975992
7.69007029330451,-4.88822451669082,12.4810491011764
7.34526656511676,-5.45277740923295,12.9188531004845
7.34732193023515,-4.95376377788573,12.3180868022102
7.8522008543299,-5.58705663323541,13.3079685265938
8.02825709764824,-5.8781852867023,11.6937564792926
7.85748777759878,-5.54390160775548,13.8613299998115
6.95874868565402,-5.63227314458941,15.0229586496203
7.25731178937685,-5.04018796790161,12.5568330029423
7.54018661094038,-5.5538498191832,12.339591707223
6.40156537238808,-5.98386395009092,11.6393570392778
6.5576727179677,-5.6079099080877,11.7664826035727
6.98834936138354,-4.8720783323336,10.0270558375472
7.34517762312696,-5.75035252118787,12.3602458385246
8.55663650395799,-5.88383770265581,11.1898087283133
7.85400774265104,-4.98414455978509,14.2123161579854
6.97736229869755,-5.46765386286784,12.6566106939214
6.84542299642059,-5.7217606066864,12.5139040016391
8.3748153176281,-5.92777111468055,14.4140692917844
9.22316251348862,-6.33364151471305,9.92507144349504
7.40865488034006,-5.43909327820724,12.9024187048577
6.95164876734309,-5.69673606553882,10.9401170129326
6.2913604329474,-5.34841972423602,11.5263560665447
7.97967823852992,-6.32088186735298,12.8017079299081
7.49511983159417,-4.7990998711064,13.6972636377952
8.11432565041278,-5.25624585837523,11.2530546997617
6.64770566981338,-6.38117498091458,13.2184872101782
7.46036981342392,-4.9441230416736,14.4987196978396
6.82777697439056,-5.84492805855296,11.2269486454254
8.19178657295601,-5.35756484757002,11.0331441995856
6.9005069544956,-5.40289394441517,12.4196719850938
7.22845016971687,-6.00410899840149,13.3228031230924
7.04431146753884,-7.09035163926979,12.4383376725957
7.99309522136155,-5.22976272834619,11.2817571159702
7.59320769646551,-5.71043999521902,12.5990606669318
6.58019135204452,-5.85055922602043,12.7290567737618
6.84287968525179,-5.29365050505539,11.8075121197781
6.55082894726509,-5.90085213332148,10.8516056689626
7.64784642889662,-5.15547197136687,13.0519065947941
7.52498430065452,-5.44044850208079,12.4603844374708
6.1338462883846,-6.06606615998237,11.9228782602835
5.94191793339654,-5.06474780589967,11.5435128598165
7.26169136361435,-5.26319917834089,11.7286510807125
7.78324770440577,-4.83725896068208,11.2098211128721
7.40961901902456,-6.01200800892281,10.9653036113502
6.19862872251934,-6.01346033565541,14.2258078093092
6.19296757725565,-5.35148276672002,12.0947444826908
7.90337416797037,-5.15774933604636,9.99099778001376
7.18746334588501,-5.06952032913725,11.7457405802066
7.01714347355298,-5.51953316655912,13.9358273523311
8.22095442649212,-5.65230192258854,11.6751528141293
6.72707231761773,-5.16553360535641,14.9497525036577
7.38602908572828,-4.44707967354298,11.3338114117639
7.58569133323861,-5.03859173925256,11.3713543537664
7.87000003063252,-5.47679564674384,10.9751462322065
6.68613850530936,-5.83777275603248,14.0821336768365
7.54291996996446,-5.2493737514917,11.615823597112
9.23371691273856,-5.78825339039318,13.0263721560791
6.22042128131174,-5.39249639169394,10.1054167021035
7.59712709018176,-5.09683435526888,11.6263320641136
7.12778725078449,-5.01685331098648,13.3685123536583
6.70541918790667,-5.20096204249467,10.6254561547141
6.70195702404075,-4.76837275869276,12.5071035711268
7.64232568642662,-4.50915174481956,13.2117763315944
8.92765249358224,-6.56249224478955,14.9513209205859
6.72893803649609,-6.49732389265221,13.3428516364185
7.6727737530018,-6.02844986285127,13.7750582169414
6.8949414965018,-6.61740817703063,11.9352252420084
8.68790083652072,-5.71869020197841,11.6176463610205
7.67539061802553,-5.70735272963029,12.5160827905414
7.19274361814667,-5.38593447326943,11.1728683910282
7.72857583874638,-5.36636111670783,14.023075202054
7.28630994918298,-5.8989284480835,13.5334050260015
8.07316566777885,-5.96856913636072,13.7973918181712
7.15902554901771,-5.08853396641181,14.2192353725442
6.49729543344421,-5.73229847639848,12.2835976307987
7.46452369748072,-6.27413790002072,11.6199934281084
8.39407758436338,-5.51745281977797,13.1795742165927
6.44411824433239,-5.41129071891145,14.0653344843316
7.11889358375794,-5.74822638660123,13.6501484897015
8.00077838151218,-5.15965101886569,13.7734641449307
5.93252359567791,-5.39943247422728,14.5662075450676
7.732514525136,-5.63967741934909,12.853888386262
7.82268099059389,-5.54721717293082,14.1390676758726
7.44121333350635,-5.27214192525984,12.4194649599442
6.74561983718846,-5.76487270072548,13.5527395669599
7.28521261203028,-6.10091656183474,10.451252468696
7.3561503968001,-5.60831545360138,14.6170847536246
7.95158004407365,-5.45236124712059,9.92612021529561
7.7594355951807,-5.24407305861999,12.7270597254295
7.04260567957325,-5.53959778169301,11.9466027109809
8.43568389527376,-5.77360754502927,10.7971682028486
7.25431314598391,-5.19647197100105,12.9111476184864
6.71559396342526,-5.58528053569947,12.9060801017139
6.9802478643832,-5.08107296828278,14.4319688772955
7.89738652281607,-5.57228543127178,12.6297708637642
7.42829608481747,-5.52654478399058,13.25310700076
7.91877802976531,-5.57341260697359,12.7799957861637
7.3392047922777,-6.0276814330663,14.5118178703556
9.0487057923963,-6.03081070954268,14.0350622571319
6.11247002952405,-6.04958069028394,12.4512833044035
6.99615210292492,-4.54550688102162,12.6120518525369
7.23070178283643,-5.63274646859205,14.9527131066289
7.35336823053142,-5.00801376868396,12.0975525279023
8.31990913307669,-5.3318576431214,13.6496020494984
7.445434644399,-4.50472868366634,11.1940362152782
7.20902708937854,-5.01532021294581,11.358663065253
7.33876684459241,-6.19513421957841,13.6563764588608
7.82164468260514,-5.70233470402459,13.353059386837
6.8027590254238,-5.03472359809124,13.9325858986369
7.60903091588299,-5.36525270318754,11.5407496118077
6.18361802492011,-4.28239980895204,13.8758719012689
7.2345404412632,-5.54932905935868,12.679357080166
6.62431008542468,-6.37308940159415,12.3690789597714
6.82861477527646,-5.27986399766597,14.8250298910605
7.49003591464355,-6.0225222122649,14.4685052706007
6.49470655254894,-5.49602197349803,9.25271199449488
6.59094728977804,-4.93262840141334,12.9403692215062
6.218383563956,-5.35430198649167,11.2337943335895
5.71446270307249,-5.35897965614138,12.0125883175706
7.18311556698973,-5.63111944193386,11.5392544970902
8.11244199892147,-5.60329731452488,14.7335753779795
7.16160919153042,-5.57955268547689,14.1913556722491
7.12482743836415,-7.05616399485942,13.2215027336429
6.55010481430124,-5.30769275985044,13.43100019144
8.40983308847866,-4.98071774206461,13.0841582674867
7.11389565153579,-6.23384126161345,13.4035168949437
8.20526718900692,-6.35671484877437,12.7915945910658
7.54621618339306,-5.18295654340401,12.1837748298976
7.10425136050228,-6.34880257089807,13.1542502146415
8.05544925338836,-6.44294487937837,11.9979539236794
7.98494337338793,-5.09095838260254,11.8784937089146
7.2114547903438,-5.88146365291986,12.0547495547072
8.20663316171838,-4.84123698442064,12.3115825748472
8.54982336221378,-6.23090081700323,12.4475725683529
7.24386084963298,-5.85959315313949,16.0167171554607
7.10946389949208,-5.3907165257771,10.7062905373354
7.5763799579842,-5.22220752477595,10.9205332163061
7.53898715882052,-5.26696458068467,12.784196933049
7.86125411977118,-5.41823312573691,12.3646420219602
7.10952780289712,-5.64896780317716,11.4036285426919
7.79591902196067,-5.84034857399005,12.8986470875919
8.03172784387461,-5.25992806588639,13.501107421474
7.41580336045684,-5.73497540900702,10.8046088012913
7.39865540569683,-5.29217010247454,11.8594063461249
6.40331622878898,-4.92733741221616,10.6148427175227
6.46096213332318,-6.755108265171,12.5544141581507
6.25686215546368,-4.53474396806513,12.6678646518484
6.41041309978287,-5.86929217259743,13.4015238767786
7.18058575315776,-4.80204458898291,10.8998616443791
6.14834106465595,-4.67325647459609,12.8569352159161
8.8784654716144,-6.32765254827009,12.2335489809117
7.81300827507424,-5.42618531616059,14.4047372040335
5.82821151620785,-3.62454969978904,12.8700237551502
6.47386702788091,-5.64065434349929,11.6765242759121
7.21446146930276,-5.25675051577088,12.1124583771453
6.07906915577759,-5.34186520095268,11.6778872941272
6.96506302384653,-4.82863987464428,14.4713008591387
8.06171114458499,-4.92579921542069,11.713413349122
7.17437673235949,-6.04149079392275,10.1638089775495
7.24271138073482,-5.76327431747957,12.1516168485778
6.58202475560274,-5.33510874067538,14.0533754910014
6.89734559590193,-5.55508729480399,13.3742527019599
6.33456291826177,-4.13463562590018,12.6682677950132
7.54779386930547,-5.28284244406931,14.96116214496
6.97049850923032,-5.28346012162133,11.6050679175142
7.84418096267197,-5.98191248352184,12.8025501191383
8.16511599686305,-6.23924712187107,11.2032586778463
8.05195171198818,-5.08812856596245,11.3219352122014
7.2656211784504,-5.63114427233561,11.9492475290974
6.93388471173761,-5.16754280434671,13.3520863330054
6.42474545582647,-5.97851565992434,15.34119136002
7.374056149286,-5.03236419592633,13.5660917137626
7.96870779195354,-6.51638586527515,10.9214851884768
7.04918334817199,-4.66499057687989,12.14608378421
7.16770300607193,-5.05945093615539,11.6521165010525
7.72604784144036,-5.46276415644185,12.0219333563571
7.90114081784863,-6.15905994374459,14.1053175340118
6.28834795738657,-5.74083771678413,12.9699346782
7.43164495906299,-5.38381571467519,13.8385153642359
7.42872806878207,-4.86156492622298,13.2896272987924
7.18339082624016,-6.08919250047331,11.3149071525438
7.92155130903236,-4.81371735247532,13.752592973684
7.03273622157923,-4.00693501776614,10.5264799624519
6.70605394899411,-5.79441125259538,13.5672905842551
7.48542703885447,-5.26634499317071,13.2842328334767
7.61538336270382,-5.88311477715057,13.9924589043025
7.13645713163205,-6.46351465694281,10.4283993178485
7.85320152214387,-4.71766196051594,12.1482325341698
6.21685352146849,-5.14290380670303,12.46155036214
6.53017645040174,-5.80281870472892,12.5781358261289
5.11790834979421,-5.46099361749597,13.6755728556249
7.65894813205142,-5.6489690037288,13.4271487110573
6.58949804661782,-6.32372249460197,13.3583070045035
7.11127064773331,-7.10181896723462,12.6886975570619
8.00391588424481,-5.54909752447194,14.8064540987103
7.32632854188205,-5.77640147816857,11.9764602499084
6.97882456003412,-5.83894040932524,12.5792620982527
6.69029909885211,-5.98645439851262,11.6206514882572
7.12028972277888,-6.51843932844955,12.3492035722491
7.71659306610157,-5.80886207154462,13.4623535145696
6.21810433457518,-5.43467637308012,10.7004939991686
7.24192788376762,-6.10467621304675,12.7062340980372
7.84349287375654,-5.27635286209105,11.3970273447909
6.28565263880102,-5.67251610342592,13.5511615418335
7.76357019630955,-5.57866728153182,9.65674724920916
7.7733788329048,-6.30585200982263,9.67068859390111
6.6664930678407,-5.94178273781843,14.7333153960739
6.22640922986039,-5.29845686092557,12.2249055814583
7.59653337933781,-5.9557624306498,9.65266600146319
7.8617806691192,-5.43456614319134,10.0516589353278
7.69962854887593,-4.43975580914168,12.3132916284949
7.82967336309525,-5.0875130836132,12.8709270384443
6.45436753128804,-4.954909284915,12.9135790432693
7.70310023406756,-4.2302924801224,13.9451716774912
6.88012879400076,-4.87930803499466,12.9070678719843
6.89331102700122,-5.30524704165059,12.3322958832773
6.19007262006813,-4.4543555075969,13.9179693828224
8.0682224333799,-6.01859914254308,15.3478892771328
7.41404248559209,-5.89672858804988,12.473967557518
7.9999179364268,-4.41763462089062,12.0960647505624
8.35870169967573,-5.27424443744028,13.9048431487555
6.48610814304847,-5.54615985412943,11.7188925699841
7.74494023944685,-5.27214987743285,10.3388260285977
7.28123485953451,-5.66777614681447,12.2856208097253
7.93673682453464,-5.68302529673827,12.7830730450078
8.07351591941198,-5.7349565135234,12.6423999432241
7.87041850738762,-5.82653287117582,10.8550059011809
6.71211870224893,-6.0399995196258,11.5920152016467
7.20081901565139,-5.55587864473978,11.4752760988869
7.47703481310024,-5.8378662571191,13.786868414456
9.5236741921519,-4.7333617729202,12.2512375593068
8.15760693341564,-5.39409514228591,13.3546136553729
8.93119454560483,-4.96366746871053,13.2826455441967
7.58335182125993,-5.59968678219784,12.1639805630885
7.44004511055448,-5.56776582381228,9.63494474114059
7.72383204033668,-4.8339283161221,12.9494896835565
6.91706290526761,-4.71874924572074,13.4317525296808
8.16820223757584,-5.50505599516108,11.3718846529928
7.17879584847496,-4.59608998681443,12.4122925432142
6.31897443667869,-5.26253118239863,11.8116099836895
7.90603313773178,-5.32124613132762,14.8422682084533
6.18113703875381,-4.32249020234719,12.392986053578
5.98617384428994,-4.6819690719204,12.7246007144312
7.49419410541696,-5.02617155961795,10.9543900245262
6.61786186664443,-5.3027717978487,11.3962467237379
6.64627273365507,-5.81798241156173,10.5177482358371
7.17574221668627,-5.58620456699644,13.4665930658776
6.94455181934082,-4.52514791501219,13.2949093436979
7.13272690467721,-6.63032324184378,11.2648450347185
7.48263763777978,-5.87198536893777,16.519963174716
6.46398145416128,-5.62651022987949,13.7360712207651
6.4245931930239,-5.44188485988917,13.0100898209109
5.80570194775275,-6.50016978503976,15.1461107071946
7.01431436319159,-5.23331621462005,8.96335078323312
7.7599757087447,-5.12340784361779,12.3074343495463
6.79368193155442,-6.03803154972139,12.4013146033643
7.64474967231982,-5.66511575623769,12.7189697271627
7.67231708676594,-6.18778432496857,10.9678187808759
7.99082431425879,-4.63329594676547,13.1848552160356
7.98985354869232,-5.31851727354883,9.3007379864496
6.80317330161277,-5.66051754052338,12.5881271674583
6.68438189121186,-6.02999151831007,13.0569291048391
7.32447448284371,-5.46905995706671,12.3782440268378
6.82013522355215,-4.60058038352963,12.9514284378849
8.31750126514492,-5.372332662671,11.356185925533
8.26595586154755,-5.32959388265455,13.2133618266128
7.35752918020604,-6.18057121848884,11.9063998555988
6.98823312984342,-5.43210602184285,10.0898123792794
7.65145323943682,-5.0979771387053,11.997487964913
6.82620204310147,-6.27974177706389,11.5594856158052
7.2018573631794,-4.90511457450759,10.9872267087133
6.91516097223385,-4.17272157018849,13.1503932021759
7.36491843213749,-6.3764048483293,12.4934550854305
8.0881217972956,-6.65504807462983,12.075974513279
7.81526883095559,-5.56286237180465,11.6616018949806
8.09890711876141,-5.10731598561615,14.8072793618662
6.64345692768814,-5.56782774131721,14.0950940369416
7.41739655470121,-5.60989784112492,12.1688443851379
6.59492566128573,-5.51953932390605,12.5586496656131
7.56237246518782,-6.10620815292871,14.5753004687072
7.52056057758784,-6.42350781342845,14.9722852330527
8.20688742534574,-4.65684792846157,13.9955583873461
8.06753019507215,-5.36282707975999,11.9753995686467
7.75215602061266,-6.1735784529111,11.6119926941951
6.93311675607829,-4.93378362401182,13.4991223229556
6.95367912449401,-6.23369813655821,11.2147126732415
5.83958457981717,-5.5897947467882,10.9217706907897
6.97325839440108,-5.11736116327566,11.9338367610162
6.1933959844615,-5.98357845312285,13.7880353141256
7.94774368649259,-5.71451148746758,12.6614757321441
7.92802544353946,-5.5068683539572,12.7826174859127
7.38804156619364,-4.4537394601071,14.026853707291
7.02268288112472,-5.27168090220761,12.7680314437352
7.39141927975784,-5.74181059687571,10.8260469598323
8.42519129830707,-5.64654669835354,13.627117703905
8.24422668381181,-5.6766157353729,13.1098665445816
6.97316111530889,-4.80737592570718,12.3112155618094
7.40934236026706,-5.67885712123766,11.8520968714503
6.49794676187415,-5.95673613937425,11.6660603608726
7.57361711538367,-5.39130605222265,12.4022668787015
7.81285378100591,-5.57493818540096,11.3041201886801
7.92668528722942,-5.08862591864665,11.7118708982456
6.20752274949433,-4.99759177277593,10.3337409834141
7.64707835353574,-4.92766770905113,11.7027470637585
6.6791655366706,-5.16862954155446,11.4558435336054
7.02399301317531,-5.17663644813287,13.2531404367557
7.84746507426889,-4.48063106998991,14.4938514703455
7.50112080450535,-6.1584705991007,13.9006141778407
7.17447461004611,-5.71332756280958,13.9166494306603
7.71928227052876,-6.45152359437352,13.3925235817016
8.44602267291242,-5.01952996148736,13.2092189698666
6.84938093272318,-5.51130531191513,13.4968616142345
6.33559259059523,-5.68705389823932,11.4040692816613
6.46842909555911,-6.46573764434537,13.6145436581384
6.6225513465491,-5.4226286714984,10.7412111685967
6.8156397660233,-5.66535968289757,13.3112953015555
7.69803273900665,-6.26514691172244,11.2590082189868
5.81539540016216,-6.15705553776053,11.0637305353524
7.45710923540791,-5.9404555628427,11.7948563410252
6.73983055800919,-5.66019317510695,10.5939108378841
8.06776528113851,-6.42616317891127,12.4588092359029
6.68528225802943,-5.6227788114101,14.0069267318987
7.29560162008592,-5.18587266099169,12.0835495194129
6.62728431815079,-5.72941144006318,13.1372454323926
6.80832209992917,-5.90542810816376,12.6653730799223
7.10631121793124,-5.35652372990647,14.1499911304706
7.12847481960796,-4.92001213578017,12.2123254172609
6.91915874630968,-5.76771570517633,12.8505410722577
8.0880992463366,-5.77872727159158,15.9260926297741
7.67926476714876,-6.30952980247021,14.057236799585
8.60204485206551,-6.05861561256697,11.115563861915
7.09417771518731,-5.19123630545244,14.0198425710142
8.04447942432096,-5.58534959204311,11.1291634709227
5.80587154634922,-5.10433083699906,12.4502280167929
7.74173377624803,-5.15618049752024,12.8454439905738
7.55292331659356,-5.31727324199247,13.6665875652149
7.02567285286585,-5.10318540497985,11.8744044487685
7.78194308992303,-4.6886585500618,13.1968632230385
7.91083480724906,-5.20715882241637,14.9390030881895
8.02112713640312,-5.28978341525944,9.74145473696906
7.5870948625314,-5.54661270606183,10.9134656612372
7.71527770021216,-6.2035139186884,14.1261190779892
6.81365465294149,-5.79967186599417,12.0205115653305
6.51584945972968,-5.34462233175118,12.3822258824538
7.10102397172337,-6.13185009722325,13.7428582540341
7.42216860621905,-5.2666633296924,15.5801006813789
7.96267699919904,-5.34639609544569,10.5950593163662
6.73127641370018,-5.46831444745805,11.1507102843739
6.94414437294882,-5.35799592554954,12.32661566868
9.39352821757962,-5.51004970137178,12.4369393410893
6.85002324550347,-5.53517832049642,12.5873338753261
8.64811683945621,-5.52789536021182,11.9943258780534
7.9698924970508,-5.01401490355757,14.161058337792
6.89583117294174,-5.57263026230619,11.149903402218
7.21491170297234,-6.96971357054616,12.7246839820024
7.13811559676402,-5.78937376219075,13.8359317219044
7.62506534531951,-5.41576146248186,12.9668297890048
8.25591155556018,-4.99743694322793,11.5563981371755
6.13215545932975,-4.76706364562459,12.6067079666824
8.72124997691588,-6.0387593166568,11.9873516714004
7.84023765138854,-5.10635382101288,11.5881364213692
6.90212530109263,-5.39278404886396,14.3498660731594
7.20115408596989,-5.63722928919855,12.1566731817381
7.50209291072717,-5.50954822759842,11.6187992477881
7.49968222581974,-5.53848457618747,11.3671151342092
8.13933931694621,-5.44622058439939,12.6076186308097
8.06112617166423,-5.39296713347534,10.3207782893305
7.03661609013914,-5.89092083052752,10.1081972301368
7.1983848646316,-6.09546852774154,12.7090157134786
7.80908835188767,-4.99412627004103,10.6122078224301
7.37534484257663,-5.64346404856422,11.8707456380097
8.09376513029224,-4.7483252474175,13.5328029626982
6.80463564383177,-6.02929632387372,13.7403344727184
7.62378772452464,-5.84852277447521,14.6205210010004
7.4941464858427,-4.74463381989003,11.0084808145149
8.27444756550365,-4.75211998485765,13.647783238937
6.33884397772972,-6.08670537054543,12.8962420965713
7.29078606920124,-5.40998703753818,14.2074333364945
7.32808411440845,-4.7885415307093,12.7475687150649
5.63428052970382,-4.79313951466746,13.5890796651775
8.17279411349502,-6.22686425843118,14.0476037853889
9.27668446679589,-4.63667746308515,11.8539702419637
7.12607808296436,-5.16070122824695,11.7841729450343
7.49321995070162,-5.39857567027738,10.5566588831242
6.96173258784145,-5.64665158030769,12.3124735154979
7.56201127925854,-6.0521948410919,12.9388939926281
7.02167895577035,-5.47105501923516,11.3852605920233
7.2182894983402,-5.66371662706225,12.5380842302166
8.4344632184978,-4.25778736349889,11.932186993304
6.69117557796917,-5.41899844803565,11.8257130842771
6.88304667378988,-5.61807572416638,13.5383539418022
7.23657888536428,-5.53078234793114,13.5906747471045
7.19658601207131,-5.85870904129088,14.0601645870033
8.30800319836746,-4.38832688101891,10.9018524006165
8.72657735480151,-5.17418598386591,12.243711494594
6.59856458138065,-5.4820773486644,13.3626570654677
6.83698539067628,-4.90785966526128,10.6069872999851
7.65828944857216,-5.54124336390856,15.1610392811369
7.02106202433658,-5.57663706827703,12.7660852448512
8.69941669476873,-5.8279717168383,11.6654394608918
8.44699251882256,-5.86022113483031,13.8968349001731
7.68554362208524,-4.64424845746333,12.9695690902493
7.68880953128058,-5.10217616045854,12.590727834443
7.05097502754575,-5.47548302075983,11.4742859474589
7.83023780809805,-4.58958249850459,9.93957561815267
8.08747970149461,-5.51015364938779,11.0735269167508
7.39036350560696,-5.36423545006956,11.5231550280732
8.653654272462,-6.30080926974816,13.0761883807844
7.7644701867807,-5.26278039695364,13.3052491789954
7.21239717084765,-6.31582772991389,11.3256346230199
7.55256750141926,-6.06440169046855,13.6074354637681
8.06566711709456,-5.00310186489828,13.3800876449887
7.0087137401271,-5.33072515148159,12.2587324084766
7.22982642366116,-6.00086673893993,11.0909766891248
8.96842519534573,-5.74116167767699,13.6977525209482
6.9551448062717,-5.38264272726248,12.252763441523
7.95942161151621,-5.40258554138887,11.0029330414706
7.86878517161658,-6.46049305797106,12.793005179611
8.41382966070945,-6.18351778944326,13.1766789293573
7.66220422342889,-6.49416324396164,10.3691610071442
5.54709966676293,-5.56280375272586,15.0757135671822
6.68742928387638,-6.46579187103796,9.39699893169869
7.652109153751,-5.13866226303138,10.1236435988066
7.47253196106737,-6.07381594665326,14.1672419095985
8.67791743394232,-6.12911337360072,12.8960829567254
8.28467238179954,-4.5423683953979,11.8296428153457
7.64157207418086,-4.33871186485734,12.4526168055532
7.34882762548928,-5.97183522236871,13.4704579630695
6.19531837437265,-5.54339134111941,11.2086478960124
8.6077103842342,-4.4479168779714,13.7488333254518
7.38502870636244,-5.81901452346783,13.4223722836129
6.19706866953039,-4.58238287518927,12.3723652315067
7.59663449373062,-5.07407095646307,12.7066308482177
7.36305720031967,-5.49268843202517,11.5470123563628
6.88696197836869,-5.71651315680109,11.2247834450102
7.63890516775938,-4.5957223873383,11.8864946312612
6.78997018216419,-5.13364009874643,13.8907480589452
6.33705992907054,-5.86967752676383,12.0972017299046
6.04977906444384,-5.30799334379282,11.7975264177434
7.03300579432722,-6.00397779946793,11.051324474399
6.8468351493951,-5.44151767366189,10.8332809353605
7.60149080164984,-4.68405425684591,12.4675011259842
6.2277298412733,-5.23179342910954,13.9073382603672
7.14301287843151,-5.93918526060203,14.1777989589938
6.22597315420694,-5.33249968155925,13.2284307946315
8.56993758111828,-5.90530072456905,11.9991707813632
7.20754547734461,-4.41707419301223,11.9163467782671
8.1573182617804,-6.50554814127161,12.9533011228056
7.64023522696711,-5.88432560837739,13.7619559827947
7.93273115608231,-5.10055604981522,13.8140061157168
6.47410160817667,-5.97241776828035,9.4396064237759
8.17948360730903,-5.5133006843814,12.370506390588
8.31735309498437,-5.16459473848586,11.0689827920772
5.82173008880983,-4.83422846014732,11.7697706986936
7.16546170874122,-6.03088106851043,14.8901996368061
6.82916583373128,-5.61614427487206,11.3366237993993
7.40094368729075,-5.78144410629212,10.0549683257587
6.68905714852032,-5.58566670395152,12.6865715891183
7.48757283459574,-5.32072213947891,12.260179635758
7.7124665990596,-5.86192798755086,11.8485341462867
7.46329841677428,-5.08485734309869,13.6799592633989
7.2065739527038,-5.28938739201536,13.2368435041068
6.37850851617596,-5.78180465430355,12.9678443674556
7.33096121463102,-5.37195343014435,12.0445456004181
6.92190239608132,-4.98401506116703,12.9313315433336
6.38584898471743,-4.97915109985535,12.0242469266604
7.2504989165337,-5.15710523553768,12.6993715786618
7.14199122310259,-5.558699548255,13.2516522223354
7.42609388792033,-5.8627404548514,12.9165653728628
7.99194246395065,-5.40035148274083,11.4846962498698
7.69772375025506,-5.7784117539395,11.6767654227955
8.21358613284688,-5.70498992051693,10.9652122576368
6.77456047394377,-5.01655651392164,13.8465904771516
6.67891094878595,-4.73052992621674,12.3993716121091
7.22313829651423,-5.19674775931994,11.5070802860461
8.26833751274457,-4.3984758447517,13.3946945020155
8.21209951294403,-6.36070335328358,11.7137888998317
7.20129492718772,-5.51067194836427,13.066963254256
6.86820407235988,-5.47090880519248,14.5810626936903
6.21499824458751,-4.6387859516389,13.7624051050022
7.76532132492715,-5.24853982132941,12.2097132249301
7.30641092562484,-5.7004730337189,12.2752260460217
6.45743527707048,-5.21954150598352,15.1757275547702
7.05367508454289,-5.17121767268786,12.1946714716779
5.99663738933107,-5.42307055031162,12.8621340868006
7.59430613305934,-6.63359299054738,12.8972350800703
7.16722561613065,-4.96273393498743,13.7441340146103
8.4437201496535,-7.43549465891582,12.7406852368181
6.32899680072624,-5.46312850208261,12.9541721956031
7.97650942922207,-6.37279768831674,12.8918076404551
7.39182625725868,-5.71760070245408,16.2390426778563
7.34866713267314,-4.75707696492193,13.6751659317518
7.79701555774107,-5.80434026164672,11.1966733952349
8.13417810527535,-4.47301590774893,10.7144874091744
6.53290242739874,-5.09674542042532,10.1524892448151
8.22286226914158,-5.65808746831547,15.0384842467904
6.43465614681901,-6.01798311333322,11.278081548044
6.53074364239732,-5.79471529818896,13.839309045158
6.81468577858824,-5.31797920303416,13.1911498151802
7.81101497589421,-6.82149234908888,10.2770992656193
6.53368111173263,-5.18621510920931,15.2969723538647
7.52693690399736,-5.3700291704983,13.2172818831241
7.5815025493724,-5.07458756468479,15.0102875378829
7.39923700293808,-4.40163292535653,12.9207899393067
7.68239827418481,-5.70042052907825,12.6901557486239
6.46093043362201,-6.06016357750556,10.9946837542749
8.00272895149192,-4.8769862003015,12.4893911330706
7.37052853308289,-5.0331152916016,12.6301390927363
7.80648149219575,-5.60138477148283,10.2851247216489
6.59480972383304,-5.84815564120281,12.4094627264459
7.32704943980579,-5.38676088060229,12.6670831252924
7.91081404074156,-6.14190572007288,11.4163563893836
8.00736358034453,-5.48689693377648,13.0168982986633
7.23061423996511,-5.87250413538775,10.7212981215001
5.97961282643697,-5.97185172464082,11.6248199353498
6.51468821152739,-4.99292846664276,12.5852645272112
7.44485065119254,-5.50647560778419,11.5804824140884
7.85187420018838,-4.78307240161332,13.0327251355388
7.61773583198238,-6.11813013465803,11.9231281319853
6.85706272873004,-5.39149986339816,11.2000319231661
8.87728789901164,-6.09611553071294,13.7536901758653
7.3414150576883,-5.18421283435631,13.2848050805077
7.90226867205502,-4.80830177109999,13.2442434936322
6.99631578276966,-4.96250929240649,13.405109584554
6.50187727791103,-6.68174113103093,13.8637536775432
7.77480421183069,-5.14970016634387,13.8375202659243
8.02400334039453,-5.51832817846778,12.483863068761
8.57875570172467,-5.34000940278008,11.7994394753261
6.91620622259054,-5.82292876374155,12.2797258511044
6.13911125676747,-6.42737981182564,14.1868140726829
8.43386308990485,-5.03409542726481,10.7421874575873
7.47703045458356,-5.80082420768375,11.6380439155599
6.49324486194661,-5.70373249688233,13.9116786459032
6.89486053141515,-5.43088727213466,13.6326445724608
6.7183176780973,-4.1336687080439,11.7354234500058
8.11121157654673,-4.26682738413027,12.1437330455182
7.70893922420457,-6.24535877527016,12.2158884127774
7.46190609288897,-5.78279273420784,12.0467457662818
7.46030083335423,-4.98228705462746,8.98094140769173
6.70936907044258,-6.65854178437398,11.8318917002118
7.99249389213871,-4.84171727703676,12.8732948501187
7.53519563188877,-5.69576227458199,15.9032683767848
7.10560828521871,-4.75667355727936,10.3677490996791
7.15964582545439,-6.00502933328569,11.5374259717471
7.21832006512862,-6.02835741755081,11.8910765286429
6.66302335100892,-4.25544777039635,11.1036357693682
7.81449034613578,-5.20103034908427,11.4833583990127
8.2746971995409,-5.69276516622456,9.71492561403458
9.03956924381209,-6.08887620967491,12.2772349176859
7.64658228689187,-4.91876835928573,11.7029343538623
6.7086759962071,-5.33571766656976,13.1927969722633
7.43237321684435,-6.76313860306803,12.5174044774968
6.57816390200204,-6.01784846275005,13.943510538644
6.85667980494252,-3.89634659259595,14.7282851542925
6.82430009099139,-5.52954311078668,12.6085446072663
6.70107546544755,-6.61829109767363,10.6853632568296
7.55767071854802,-6.00948446251344,12.7814631660193
6.50159126023118,-5.75308846011886,14.4136532306281
7.76206845772288,-5.142662211386,12.3011977768523
7.85264279198717,-5.61224176744324,12.9843988025854
8.02387509884979,-5.46746262712298,11.0696422763043
7.27581053837768,-5.53287992725083,14.5705291525405
7.72792349746924,-6.04909125586504,13.0073203692247
8.5652160085524,-4.88072633760149,11.8392195532958
7.32772950298726,-5.72316653335429,10.0687898232677
7.16447028650845,-5.77691890848141,11.4637615717405
8.54359201230834,-5.416298258027,10.9835579129697
5.51626552573996,-5.5597665547258,11.7396359597246
6.96740026403081,-5.80875226534926,12.9266784832345
9.00879401042664,-5.45348303890091,13.6090989788697
6.95688919205768,-4.36575056247782,12.6563151433421
6.89404549743176,-5.22662657877347,12.5546067444598
6.42301417632244,-5.88190342641601,12.966005621262
7.8509581524594,-5.99935894333181,16.1884119523986
5.79830438595801,-5.65394820928888,12.9067460658913
6.72499985876848,-6.38630225091376,12.6352974743277
7.69116950616769,-4.52309331309495,14.6676131268713
7.28923728964448,-5.41121653916538,12.5628570895687
7.73143893567305,-6.16031656388977,11.4844747349603
7.37966474225825,-5.45703772674881,13.7541138247507
7.7717038075763,-6.31374602077458,11.9300840084941
6.37991705031636,-5.20413437938361,12.7220323559533
7.44446685130907,-5.62249117466558,13.6754226104755
6.1825273722209,-5.50008874003947,13.5788289476448
7.84412153809041,-5.32490944897295,10.1687608797029
7.07065148472526,-5.05549968876894,9.09577166588948
7.75364190851502,-5.96662884586654,11.4438636501018
6.91021075852515,-6.32663518931008,14.7723614760243
7.52264355224733,-5.58000475794213,12.7686606637154
8.03559901207086,-5.97382667269147,12.2216066195858
5.89039875993045,-5.29032653724954,12.2157576728429
5.96981472478553,-6.53895091290786,13.9044040751468
5.99458645268711,-5.0528375016337,12.9035921191639
7.89030281229179,-5.35527973114097,13.1091096449987
7.57676823245478,-6.1319258910103,9.47980143915726
6.79354614627776,-5.69685834461673,12.1900950586389
8.35024318017585,-5.06418216947378,12.4633536347122
7.3876932571854,-4.19406865947369,11.2199551264641
6.1682054008111,-5.71539805205315,12.4037620469444
6.56961286865721,-4.76616677227408,11.5844122175682
6.31074940140692,-5.99449885596444,13.6664443642684
7.96546424334796,-5.40977986570107,11.6289667388339
6.86520131907854,-5.63674936289823,14.2813129070655
6.46160563879348,-5.33673199155991,12.3759094146557
6.88217896157401,-5.79592570312983,13.7026892195264
6.69881187738258,-6.30162836674233,15.6674918525114
7.89339811208491,-5.67140755697852,12.53072564969
7.62778168652874,-5.2822850421313,14.5498861216063
7.50403014829854,-5.80032480638626,10.9195239808818
7.58425573705659,-5.62407013045567,15.0148161681371
7.32064536643645,-5.30291451922471,10.7272405629174
6.61931701989058,-5.22775097368728,12.3437397785447
7.67323252174137,-5.92490399852433,11.9740010915501
6.70963221325074,-5.67009183744172,10.8110729530728
6.53230624466832,-5.04625204768949,10.5863671372082
6.53076009351594,-5.34193344774417,13.3503410124118
7.90512425986578,-6.26137186128983,10.4715869645502
7.98396568111823,-4.67529415218245,10.5402059430919
6.04658022777364,-5.86084430042509,14.0326835844226
7.1855379173528,-5.90572151915067,12.4386161489761
