2.57492255585587,0.325523783395921,0.979802114690508
1.966838513735,1.19362108605868,0.144453789949693
1.49347852650598,-0.301918696139347,-0.499149818919583
2.31734475016126,0.438957658874088,0.401120240811197
1.87052076821828,1.30212784761415,1.04354997418841
2.36035306553176,0.295432188306074,1.29208772811438
1.64402089295985,0.972872673135941,-0.956671435291118
2.72057735026927,1.27414314013693,1.27354504483502
1.66231095990037,1.53767271665087,0.406812250372453
2.17322166915203,0.652826819867239,-0.148286436173812
1.80055516825052,1.8288197917558,0.576781402139902
2.5699013931423,0.601501654378597,0.688648553866692
1.87017411483778,1.53429072534295,0.133330146648521
2.84111675714291,0.0406837527049894,0.984398420558017
1.53486754420316,0.276057401572881,0.436416671794065
2.85222388268713,0.123526009479489,1.07945359904105
2.25541146557938,-0.209935095245485,1.08228967981003
2.31134072129118,1.05205293087261,0.472719727091104
1.53248644251229,1.00978815704766,1.48573570050679
2.28219473311045,0.95024874459206,0.682169566825713
3.08726696656598,0.913614876729067,-0.0132279627993511
2.62534106420432,-0.0596096154751805,0.662084735188279
1.89303229175058,1.35419648064132,0.0972245053387367
2.50324090442472,0.414554826026759,0.474805133563022
1.75444541435884,0.998943870949793,0.185525290307686
2.01235471529729,1.05995974236877,0.499467535921999
2.71414119920806,0.906445670160848,1.27641688294118
2.13427240507454,1.14107521139373,1.30288438547993
2.58487308332266,0.871823354668051,0.990179411720749
1.89274402336935,1.03101802177367,0.596708505999606
1.81448805493238,0.456780531856673,-0.153075057423607
2.83179727633707,0.271442965679104,0.314146883582975
1.82544702066409,0.608458914812011,0.254582667677421
2.10582857303872,0.377916850163843,0.626005906207026
2.37068393682625,1.01100940373158,0.254867037266799
1.93769081213714,0.662814638853962,0.569455218732546
1.60580612303664,0.906024209196776,1.13825511946235
1.6129703723861,1.01256774773601,1.51100459350887
1.27216760699854,1.07901456289237,0.733929363964941
2.00941403879347,0.867646190670413,-0.297691694337479
1.85092376093654,0.737932068416769,-0.297368527434933
1.86737113958961,0.579224133533343,0.251813755835911
2.18189726020824,0.0799295302726936,0.763416223094196
2.2186653529237,0.78459823622721,0.725783263969071
2.33472772510631,0.597459559196223,0.63341727620751
0.787761953648723,1.00197166641604,-0.339463088686033
1.61884825340375,1.09205746903779,-0.366066507241367
2.23797502620648,0.581133676567469,1.14975300934837
2.99198192224819,0.309582838879091,0.40640623984447
2.68887778419668,1.02355731007283,0.333940064418703
2.15682633124073,0.71180199456508,-0.434866651130461
1.6386568842433,1.42791742412542,0.834861335832809
2.66320306193494,1.23363670474162,0.417697702785905
2.24896843689806,0.76883172631189,0.289377073895747
2.70819191852715,0.0579373935542989,1.22459286491678
2.0946560236308,0.925718333568539,0.0355222790314597
1.89042198669286,0.510833464895689,-0.351310821568841
2.26038836596183,0.619975217910825,0.360565518625431
1.95234831066048,0.55970945168221,2.31953886686013
3.28847070275522,0.407097341915117,0.455814974447108
1.99855416691421,0.231629318110116,-0.156131762417505
1.8345665786816,0.802739967249621,-0.062695557539828
1.4525366775539,0.710529361912727,0.564413209623629
2.15681147788788,1.4965759684665,0.920282223645467
1.16256215073929,0.540367508232567,-0.37121477559488
2.92394927899008,0.467692439437172,0.764976025503734
2.72047197549082,0.897856909708463,0.178292954302821
2.04534104088314,1.19752486220127,0.886301010794457
1.56598175259364,1.39597002106446,0.542935859338415
2.80962896246171,0.586533167495826,0.580289682093775
1.65997734210657,0.67411924929344,1.31835858164871
2.17058820667464,0.951173470940646,0.432207859609073
2.22125430348141,0.804900075085701,-0.554492337019635
1.78087011057692,0.561527555775075,1.49983981907685
1.85657709844286,1.11254448915571,0.626449044105331
2.56648337780745,0.87046139196097,0.674786363385971
2.23646966592606,1.17735058921836,0.767820043069884
2.76138289143111,0.722175622371093,0.443049441069441
2.28091512501816,1.15070539253944,-0.683993664902024
1.10199858374956,1.13794022231051,0.5466973625349
1.41111173230689,0.703666664868134,-0.175530244892499
2.06895211454381,0.229294954396757,1.10448516772553
2.77083452091872,1.01563775378268,-0.174547785255505
2.51508351742518,0.784041534482096,1.28645343533357
1.57781657498726,1.34763880994866,0.231823199892959
2.09440163090773,0.701754964102766,-0.74038639801728
1.51785165764006,0.989189628909174,0.409384963835002
1.58605864381296,0.787685461914699,1.29064794612142
2.32416510788614,0.556102151927871,0.774315138004922
1.86397837045032,0.804632734317502,-0.137998737327829
1.68304436960648,1.02099242915069,0.765635075061123
1.38352579992455,0.694807674207682,-1.29055349673041
3.41627485650637,0.581489053723413,1.93276850236788
1.9118214402097,1.10635811953409,1.06068784809048
2.52126837954235,0.410767878065562,1.75961026944378
2.33929144515125,0.198543871118797,-0.527217865193667
2.9659238023757,0.865000101554071,0.726954995058145
2.63936279779124,0.294740157634812,0.968973027248045
2.16271088989775,0.132397582818445,-0.13416675815405
1.58559349312673,0.862019434272078,0.0573769996284712
2.91524899151262,1.06369600450717,-0.923766742328464
2.54980534551929,0.551513746986343,0.873308503726795
1.26785587087482,1.01010435547775,-0.501121165126572
1.41196319463112,0.209899758148875,1.26867243802178
2.44088794057589,0.816330625854165,0.572301256529191
1.97087527374887,0.296751450791619,-0.233260560081496
1.30047640457768,0.393380374578221,0.787129885425636
2.35052376421975,0.403765272484199,0.340281625848695
1.65997667350636,-0.212396022964816,0.656005356763532
1.68740562446445,1.13944254724797,0.993998506891122
1.87009393024801,0.0357083139179671,1.02014346989258
1.06129989350114,0.802032861511093,0.679644429752283
2.05035780708464,0.960940859568944,0.535477387769842
1.51876196381128,0.4051232040095,1.29266888038741
2.3827253996154,0.799341996310701,1.63034784674783
2.24513324798467,1.7836518687787,0.726762813613618
2.18832771504643,1.26945235739912,1.85479845328299
2.20101967105474,0.622322721930122,-0.377983165108056
2.04727365445653,0.492183410683514,-0.478908605648609
2.00709186608727,0.690804572293959,1.35510845420443
1.75291158271277,0.386760983633214,0.42548161846006
3.02294095729686,1.04269263264046,-0.340549380468452
2.81686659597654,0.654957788735661,0.289653582248971
2.85835333339039,-0.291260173624937,0.160866647014054
2.34855338055374,1.42492785408303,0.177946554376298
1.57666823997309,0.898611470702459,0.661782935769479
1.80443528086296,1.19878610094284,0.491461945612501
2.05764037956488,0.697322786847949,-0.242688677204513
2.20055880280078,0.579885562977123,-0.045782647279361
2.29977555476317,0.556153892327058,0.762083654348322
1.67116117868074,-0.257170414126331,1.62308531699209
2.27931399440845,1.06544373243075,1.08437777970723
1.7643611494216,1.88523502986076,0.0118334627686973
1.96784205333401,0.858106184997434,0.38769725983934
2.69273493106959,1.07213570965316,0.699333456461992
2.36741800942523,1.34312913897129,-0.301795172114484
1.97109575049814,0.95265229174111,0.249336363772044
1.08189793411425,1.29308797231764,0.125431583468829
1.85995409709469,1.42349339786842,0.619358472445247
1.73933885335076,0.315514698567605,0.598876765414595
1.86231182712732,1.07038062227293,0.859260419372186
2.38020531382851,1.32824052081244,0.011697720172186
2.57353356847388,0.840179642425445,0.30371581116848
0.84316343887085,0.961089057685455,0.0680108764986446
3.06359810994855,1.20858647734806,0.636278252679695
2.50505298352708,1.32748383770623,0.647805233899801
1.19474529755123,0.868359890516398,0.19668819695876
2.37530041934067,1.0747444990483,1.77883129508988
2.65767573663355,0.0762790446552104,-0.615022435547401
2.72544578752326,1.08337645046036,-0.564539326339281
2.21127079988364,0.115523107604701,-0.582475262881523
2.22292360546253,0.949023774266976,0.467790578207573
2.57711529646813,0.836693688682482,-0.0449431975788074
3.80404220325945,0.558139153065886,-0.348967859357044
1.94352478942714,0.9683287760819,0.581637023420407
2.42942851843083,1.22438233508613,-0.209260287033436
0.911046822540854,0.906985332280815,-0.110744954961057
2.60951708325881,0.545550926455943,0.396988867395685
2.37065568014673,0.290714074499655,0.474407400519769
1.97469151861772,0.987940356442047,-0.0573790540678319
2.68107574353613,0.273179849158376,-0.488393489621778
2.02978446681289,0.411074590138469,-0.457810692584147
3.30428867667199,0.830503777591704,1.25425877996732
2.07840273263968,-0.0286417988726119,-0.045353105294951
2.13858195880377,0.746893597480513,0.405263784211876
1.35254224590698,-0.0280299402938695,-0.096347026340844
1.83512819724748,1.61047719801597,0.896734390316513
2.44572193554511,0.887984565772632,0.51431499935037
1.35218258712853,0.920924001997136,1.18485769458729
1.93031134941817,0.85129500355651,1.0868869561679
2.50882096770023,1.43832480792097,1.04834609096433
2.07993469317822,0.834916128431644,0.916483027936364
1.26358892278893,1.34622962790516,-0.563516635774536
2.32077658375836,1.19149065404332,0.131969774278467
1.56282603316871,-0.100941675281543,0.0877311562529022
1.7013770960487,0.751840309296161,0.978929230500174
1.63009049879991,0.527708699844087,0.297742037207189
2.17259871273548,1.56867739303919,-0.129454240987753
2.27231804525357,0.236483590586115,0.884895775832477
1.16534629499917,1.02608690020021,-0.238662000082076
1.33160765655191,0.615742761731571,0.158759982704971
1.92520435539729,0.400069426762583,-0.411262464136824
1.33677306615129,0.895763324869442,0.874256030384517
3.1543386714154,0.178380868474342,0.176950051433997
2.64173724143994,0.477542717608085,-0.00544546800087936
2.01832612918323,1.53378154639712,0.192919997513686
1.59203552219166,0.587762544270692,0.0463486485142121
2.12032071062799,0.612885063515546,0.317289033479541
2.7003610260467,0.567662451869879,0.300915646410715
2.24679598713563,1.4112690194275,1.60297727304105
2.43082373159598,1.73898919420475,1.19712742731552
2.07047456880985,0.323391560357726,0.325324542139383
2.36952594991348,0.571798330371456,0.348785246216466
1.82688511606265,1.84833965193811,0.155848539439083
0.683821796595057,0.665485494799029,0.387478356634909
2.10635869717721,0.00324192009238122,1.12751295787693
1.19768181024887,0.976180703929267,-0.10617745001092
3.709201492303,0.411384254769212,0.454232108977047
2.56604332111716,-0.124671634635972,0.161665247944797
2.31398338575018,0.873843757375424,0.0864190493921924
1.89407820573022,1.05193077343333,1.0789659429221
2.84824067741667,0.355763431990665,1.0982085765358
2.165854590428,0.0304692417893347,0.8470400461072
2.97046845250822,-0.122231594142903,-0.0128758063031252
1.97991370668218,1.40574164171726,0.94999680583181
1.91262016638202,1.09861835694623,0.449723152574874
2.46878454288341,1.2511677545927,0.35742939947315
2.63649976311954,0.338105422811162,0.145942655985956
1.9283295296336,1.14686262509114,-0.476836249103038
2.74673323626636,0.295948463344458,0.0691828389302807
2.12333934155394,0.348785115318345,0.0727768613128598
1.98195090027452,0.674892946483527,1.36146732264593
1.87582830190811,0.777292186768668,-1.29165071452887
2.58867893262864,0.341796620370963,-0.428593821930902
2.74364531210679,1.01605610459145,0.814361108462425
2.70333470778597,0.831028925813127,-0.836980188763861
2.08795591345388,0.834214971319572,1.49248147390545
1.97163969096195,1.59897579209382,0.484867472146995
2.71153632635724,0.148217120129184,1.00182223322561
1.90592145609515,1.1253509228899,0.416686611827942
1.71960428707957,0.882313062086435,1.61842716647395
1.56650187433946,0.485534234629898,0.126566703582346
2.77279005749581,0.402534380219378,0.225752475295474
2.77784284561795,0.00110258468311097,0.566744396050978
2.10458931857326,0.297432948066636,0.935837315629525
1.94964627732584,-0.107311887496427,1.25742449584827
2.43814258231425,0.682752198207004,1.07666845589062
1.78343601072826,0.941874575258713,-0.221218408954379
1.90669095989011,0.950274646506147,0.745799787991468
2.03830327220204,0.504725491757927,0.367819004296507
1.86299693189241,0.723830124431076,0.278179627709179
1.72360916067179,0.647267630528624,1.0060368048282
2.85467558260927,1.2413458421474,0.405394774388501
2.96983817310823,0.723770163227403,0.6843584747864
0.931087927335717,0.732298787268322,0.944468353861315
2.32838914139119,0.931917863006745,0.63029123119455
1.91627241920677,0.97296030899875,-0.502083626525532
1.19877290129081,-0.724761648392655,0.917326305690712
1.98774204330958,-0.00640140091339569,0.0679014588868717
1.5435214184049,0.816540949435031,0.240746290983916
2.14211246581906,1.24200524798057,0.740248571719418
2.20012244376774,0.496174063613775,-0.293223128565358
2.38101501563338,0.923999639371395,-0.20657374303731
3.13786234966545,0.153324001488315,0.668855909767424
1.44340469591918,-0.190024519655114,0.560477980648998
2.27194752834984,0.860279208038859,-0.266949020037832
3.31384509156825,1.17427349339092,1.10412711493834
3.14482522948035,0.510199173755448,0.60664613354311
1.99662540533791,0.721242146619943,0.942620604978198
1.62792004914923,0.610039391435518,0.591718985936187
3.01048987963903,0.971188274579936,0.683030848572023
2.08263101259144,0.965085609414207,0.438490515145645
1.96531597827597,0.359639008898227,-0.127915022082784
1.97427664422685,2.07837557132837,0.912478977176754
1.72674950429157,0.732794540056976,1.64988322201407
2.1161605598651,0.590335585452835,0.352969832844257
1.44878959394226,0.395110380225328,0.902163724724251
1.51414004828138,1.16895613579835,-0.368492813478334
1.72465600434121,0.782708813263367,0.378765030737788
2.53440581777782,0.829491178400801,0.828665753758734
1.87691368806518,1.56865393925536,0.374215233101021
2.11222586558638,0.664154033307151,0.373570987182379
2.42172195337713,0.390471169577404,-0.180323908498176
1.31026085469522,0.553583458745835,-0.477444579723801
1.88549497861285,0.248544604559177,0.833080741634916
2.41452268279445,0.0479597691697004,0.00525631113298786
2.46728690672087,1.17576425721737,-0.805003799056138
1.52246295856257,1.38017874664489,0.194183918724224
2.09836780841047,0.971188879635034,0.520333259894892
2.34877277579114,1.64710359840542,1.46662328163663
3.06034330587923,0.110823622380395,0.5842291559202
2.43001214362692,0.214406498784611,-0.287238526819863
2.49652360416766,1.21667075273914,0.0893561168092767
2.22367430223454,1.68426676767412,-1.04245237704097
0.662834366976105,0.881358334559423,0.352240073506181
1.69348333631797,0.891768328800733,1.04909392927561
3.44125615023054,1.33463500019514,1.17310845444164
2.02843310291727,1.02995877909322,-0.0856110319132502
2.97255708070157,0.618074124203167,0.112108987522012
3.11664315758019,0.537209045508787,1.09198154835562
2.48839384619848,1.00485188307644,0.919199049992353
2.56715631668578,0.582298013946654,0.605911766932205
3.39139777234305,0.182078021006875,1.02283501160771
2.38725480411459,0.89430690871694,0.664633074676538
2.40204190672196,1.04036822844013,0.575631422803928
1.89940942659964,1.07701467763697,1.29744777862117
1.87694966811274,1.40103096027212,-0.597256034583906
1.62853686788298,0.691753340195276,-0.922365681594516
1.95706442679359,1.0571519432852,0.819487077905478
3.03498295038439,0.352668169292345,0.553676686366921
1.74863486292742,2.00903070125059,0.237171392262918
2.84648228739604,1.03128985082091,0.570117666790419
1.64823928629736,0.600208210984997,-0.555551543338737
1.67148198303905,0.574143094038482,0.836292529499337
2.08789957437914,1.12374898019371,0.171655789171014
2.88124694466969,0.408428865131833,1.18225811091192
1.47651332428905,0.741764027950327,0.727049619650737
0.766075739681722,0.532154786775122,0.647856455572945
1.84784588795098,0.760318112857965,-0.179537442732218
2.00656867398692,1.21993734664782,0.103628295498572
1.39858105216261,0.757895810018273,-0.644049489211744
1.82954656972099,0.995629655101663,-0.3243790477471
1.71884813827562,0.276404656842616,0.797390248735207
2.54260958860785,1.3941629658149,-0.32146378290235
2.24525165270167,0.959291311340136,0.927956146797228
2.73366000562164,1.36770083406245,1.26408054147539
1.62661826252815,0.633599670422309,0.980472471378345
2.1365254070784,1.24972962037168,-0.531694578771653
1.36822690377138,0.832556959531383,1.42985700025418
1.94776493216236,1.38023512151981,-0.0327957951044225
2.06140798536123,1.0266610213181,-0.577764456517999
1.79575965803285,1.10701953927609,-0.129161949605759
2.54221323610846,1.45458392688105,0.583680664673135
2.54453505773193,0.738649210010086,0.71369231182498
2.32737993324966,1.01761175993237,0.814060136724604
2.54080907030314,0.536514482007145,0.246365624705527
2.36494078561382,0.89651669321941,0.628278878796114
2.15935120332908,-0.571057341245278,0.266992459948409
2.45577325632684,0.3957530964715,0.663327224717598
2.24677874482487,0.880817221170709,0.313820511414573
2.81361529995998,0.260264907331645,0.0661715735129036
2.72174795987274,0.570111977393268,0.333431545555518
1.78867368490267,0.335396222806854,0.641593284298746
1.68397326964187,0.947680597998574,1.49866925522076
1.97414062796711,0.886624364023831,0.616115859296151
1.8573202745492,0.954176878405324,-0.371632345041683
1.47585476081538,0.7782444691237,0.48012687171035
1.53864800646414,0.362694211663969,0.637536320876206
3.17308315528268,0.775434093640973,0.835122193176685
2.84053978933545,0.0553134793927952,-0.0292902076175253
2.39656276047762,0.509010600729109,-0.120192078719202
1.53253199832586,0.986252011040543,0.886407553085654
2.27567191241147,0.106250631514869,-0.295465520116665
1.57363170827267,0.74534075670192,0.298715320838882
2.06892707361637,1.66304722772353,0.571325783543548
2.80731713727689,1.32389717104544,0.984350127724594
1.56349144399615,0.85535322757103,0.62616424698304
2.33710892200033,0.727898692765512,-0.396526881142631
2.45428197633665,0.344596628222542,-0.35092726537215
2.23778185067042,0.792923932045123,0.754821763065135
1.4973178893954,0.877498035898822,0.00136179561872263
2.24894396694375,0.652770672435716,0.631526694097149
2.44002612119978,0.699758211069312,0.898497259922436
2.54756225068526,0.498584644177921,0.830232737724238
1.69758901383457,1.08252445978127,1.23808407839436
1.77676963882119,1.27053218966295,-0.416753849169066
1.90924911877766,-0.0225516113212971,1.44716613087899
2.89368696259176,0.935862216675196,-0.194583012275362
1.98241697363296,1.10219138120245,0.382464711453444
3.20339271937115,0.196156159074089,0.501082765778773
2.62444940913346,0.825364588397206,1.39182543316704
1.82854359912852,0.590793289900663,0.686629167661203
1.79577611690783,0.828923329611236,0.344537800390783
2.48414737776683,1.47976423434745,-0.611073236397081
2.94829611409656,1.26023128630709,0.0903506366951502
1.28282797136996,1.77126538499236,1.1966944177567
2.57742546212414,1.24512431409885,0.525332997408992
1.41342700086871,0.732330369462075,-0.573443560053152
2.14915728004907,1.73523302042066,0.730967539334655
2.53323922038269,0.592311010838209,0.79954820575174
1.63145457657391,0.550567825686216,0.710740086706973
0.840474709570807,0.475990494904221,-0.97095692449443
2.57105944827733,1.69808837870714,0.38611834698422
0.993586348278791,0.776692949652269,0.64005457332699
2.54422942892389,0.624982474929617,-0.267901365227324
1.72840174260956,1.41153376348469,-0.0694899235468964
2.02531689609346,0.151274651109336,-0.117750738488402
1.6442960916147,1.0977584886809,-0.840930498239869
2.69605979320999,0.784185122823902,0.325931702220594
1.30843235587386,0.49231253192222,1.18584230731808
2.06098047007004,0.425309038494866,0.117711683349596
3.61492240685908,0.849653754822986,0.149766507876017
1.84767644036344,1.26327112550429,0.858868137367885
1.88925566725737,0.646153714384861,1.43175254426941
2.95941117998347,0.416651556065135,1.15353650861027
3.02914555506635,1.30243553806263,-0.502772081304708
1.43857297992251,0.857972300413068,-0.895791409917913
2.16006742771408,1.49536640587731,0.884963924279128
2.40217467512213,1.0518771251865,0.440376064621207
1.90635362821074,1.00353158384161,-0.264080949715028
1.80139244582703,0.833086222415182,1.06862385513464
1.22544158468805,0.711738217815832,0.655746888191681
2.30176378453278,0.758664234912021,-0.501878499365031
2.73017918345468,0.0588357825196634,1.10488335259672
2.31140062613333,0.603393728343245,0.946967083626155
2.29281683861045,-0.198122373391751,0.191177350684535
3.22913454484677,1.05229148916148,1.61137297770893
1.81306598845768,0.640774452619685,-0.567972407959452
1.51242341437298,-0.573470525534538,0.270688289406088
2.09611314379501,0.47187081568887,0.471316696156089
1.32396252300608,1.44452185862388,0.549553688123979
1.82844497450246,1.75802607601122,-0.731959231613507
2.98474691198496,0.728198103355118,-0.88972102291492
1.69456340431089,1.23689882974672,-0.375488773456667
0.882111036071842,0.794383433615013,0.465387345720196
1.48736452657547,1.31008768346021,0.460560208923981
1.33608799141818,0.539039005782506,0.928026277576419
2.26460120990006,0.85190100738036,1.43964133470271
2.10077073774075,0.629624063888524,-0.391117180911344
2.10153493107925,1.16497597033079,0.366243393164305
2.45630075613036,0.866360836920044,1.14176901601925
2.90651028836496,0.605560269262484,0.205316460044385
1.64787567415023,0.387253821873686,-0.107879591858499
2.68334441872175,0.0286575594654704,-0.161189347017691
2.40375294679865,0.845272764409174,0.810144358567389
1.77992141534133,1.30751859199167,1.15454092228501
2.49691408571752,1.82180796608404,-0.64539265725889
2.97074589976826,1.04286417810783,0.533414588912938
3.1203364525986,0.459571883859574,0.628724892693165
1.55626349780207,0.826501032178562,0.801663371089983
1.34978040637443,1.04906785516929,-0.0311100465207066
1.83647541556343,0.336995946878691,2.03529087285384
1.76578096868866,0.883216673439958,0.44898754707152
1.70363848274454,0.559905497452339,0.528643308330059
1.64370000884693,0.654645071373571,-0.373451501177168
1.81282259937561,0.852813746787465,0.406039371961704
3.21291492257491,0.710530784305171,1.08867863524846
2.32354771357061,0.450736336108836,0.60993479338656
1.56823021825283,0.290006542525009,-0.284822959818628
2.70277928312991,0.535328595159232,0.42413890013762
2.53959016230965,0.415736146710213,1.26408649040364
2.42150086900181,1.09928859482468,-0.891224953181117
2.16392199770359,0.637739732720216,0.24930029213956
1.86719055346966,1.1293804025254,0.497733999292
1.83578200692583,1.12079004788315,0.00106784919072417
1.60185537542556,0.665745273949925,0.953090698426715
1.67644374974273,-0.0990630808320626,0.322851506505252
0.901679473794747,1.17184028285962,1.37139396960924
2.46591863855529,0.906179730649254,0.423884415748194
1.69366263129709,0.901378849787591,1.15876967682165
2.19695147606656,1.72498658283428,-0.188201519827926
1.72982045813591,0.231547886249961,0.447920640301828
2.15784241809187,1.55589185973546,0.670315694674674
2.5163774205952,0.354481349267106,-0.362228507848457
2.2915941853465,0.2312963920854,-0.357022915473099
2.00871865003265,0.300558403432524,-0.605057151865797
1.10346895823178,1.12390508031728,2.94641319743741
2.03385630323091,0.422837196602263,0.374208274742082
2.22785064109283,1.14975053203745,0.117305320233425
1.67184333536671,0.861850304536138,0.828394206278707
1.42083727508877,0.456022025214726,0.375547405488743
2.17020023411071,1.14529618597016,0.53723168147386
3.14750093988014,1.26111386880736,-0.365755217279933
1.82409015118341,1.42856650058127,0.249628939950494
3.29729285365332,0.00657824426046349,-0.187166684694225
2.33843566246319,0.462033786577966,0.495480334578109
1.98389147177376,0.857613976898837,0.119402305173509
1.96268649480648,0.2716898869741,-0.0644449546324788
1.91381645524852,1.37961578131542,0.131373114766869
2.16510260589194,0.77785591125652,1.02476798141278
1.35554161778591,0.59565901060416,0.785542091564104
1.64427754208059,0.865544966667253,0.0834778519626129
1.4072995890853,0.523389630595926,0.66480814112438
2.035978322493,1.13063963509048,0.149323540510199
2.06967521904002,0.507990665137349,0.251208580670001
2.34737209253481,0.681853055340541,0.0339596169164377
1.95643613270158,1.06394913332354,0.239855023935159
1.91985617551757,0.564794561919411,-0.538248910941996
1.04736059450456,0.389705122743835,-0.130161939438424
2.85250660613007,0.652535723523837,-0.20909819930616
0.986282846348977,0.593937153523238,-0.391420653321439
3.297509342296,0.697545625976793,0.908550378553961
1.74871406495911,0.923414405473946,0.390059562150141
1.48569812564271,0.479440451282347,-0.811381655076958
2.41816428511908,1.14337128594083,-0.111927336126037
2.83030908742326,1.12907052046907,-0.128035707253172
2.64608498230892,0.64878759691212,1.13742209610566
2.36456579177652,0.96324466116494,0.731700449532889
2.08344060259945,0.736922915583993,1.20700750444977
1.69674104744279,1.05499197607319,-0.272702716642027
2.0593318083043,0.653338922100797,0.323320275603516
2.09075197540598,0.987544533232374,-0.331664208623755
2.14274136167966,0.917589861539795,1.08845817615354
2.57801480848585,1.03680980407713,0.132871810186629
1.78272042099433,0.506204694842267,0.813938028201933
2.71299955885178,0.150858087226949,0.830320207042216
2.19185790524821,0.887773730395118,0.0941154894230717
1.36822874278326,0.924686607293285,0.884413694940654
2.4566292873069,0.0715539837187827,0.312870071144789
2.62732231615181,1.16286087323323,0.256107965416413
1.33611306493792,1.32721662241589,-0.353234685238489
2.01694534236381,0.578907793916985,-0.667578471271002
2.58754224283993,0.387432179910372,0.959064476418311
1.71582287280218,0.563418631990774,-0.0587653459908703
2.10070649630369,0.386917438521843,-1.27841026516396
1.75810327404043,0.586992324919868,0.170017541483499
1.46373842369375,0.907514961492476,-0.0366353164084884
2.03450746693296,0.783414181170858,0.0926741867006822
1.17917946812278,1.37471229787585,0.186511468582548
1.87833555927399,0.498002323606715,0.283232834615821
2.09792925435254,0.240751965314646,-0.806592486590483
2.03065558182055,0.696344452669709,1.80945242767555
2.29408750594125,1.29635048705494,-0.708761895540723
1.68508499824237,1.33260516045742,0.442888969339879
2.843543753556,0.206007253082931,0.463587337415483
2.226303617611,0.390769825814209,-0.678160526723853
2.98792907972861,1.33495413588476,-0.31117278204486
0.936533778386369,1.22837453990216,0.174477155296074
1.59032918718657,0.100560670439232,0.292829470727976
2.22842368722241,0.00936292114859105,1.66048641024822
7.57955024708041,-9.83695924610808,13.9912537966383
6.90186463850544,-8.75388466771518,14.0963822088734
7.62003084851231,-9.5105843580001,15.9941022784902
7.17832539502043,-8.53417451874856,13.6988802065944
7.5909851186384,-9.88245248237124,12.6063507107291
7.39677602542362,-9.75027961082662,8.65431812613192
7.79976332654833,-9.58174330503606,10.6291015085113
8.09621053667288,-9.12331944630011,10.9411266940271
8.41336044523012,-9.67504992921583,11.2074182016542
7.45802942180217,-9.98790192361091,13.3128558129434
8.50322856006311,-10.2068952829852,12.6796356856775
6.9356660234486,-9.29041805815727,12.9037116264773
7.47909984917519,-10.1446298679294,12.4275232377787
8.00889368183261,-8.9913938535812,12.0489309999924
8.7242920547271,-8.95270955940217,12.8133965033644
7.31847836430394,-8.99860043985377,11.8506768678859
7.1239272300029,-9.16412135040332,9.37286212696053
8.48410088958382,-9.62978792451357,10.8714013263252
8.1345622685695,-9.0681240149162,14.0279427223251
7.95016378322759,-9.5864381082608,9.87536228536718
8.2223991698394,-9.21484869717419,14.5530006022214
8.8182748145587,-8.71375011420101,11.7685690152603
7.5155178144797,-9.09284593971216,11.3279256713802
7.63374857679752,-8.52623386943866,12.5562576069448
7.33768202754765,-9.84901243934355,11.702095787914
7.69967377330518,-10.3606776734813,13.9199671306091
7.23812122721429,-9.61400900689181,10.568290734676
7.15939040091972,-8.82717855544087,9.2789843499293
7.24797196039549,-8.70935359474692,13.2962954255471
7.10916641668834,-8.96757456577644,10.8340731563791
8.9893895909343,-10.1983251568593,14.2544963131811
8.17341807813511,-10.5180424438115,12.7652935161857
7.40275595345162,-9.35725380850183,11.8343967685205
7.07228437534912,-8.97481681212635,12.9134121107751
7.53669934627471,-9.79784596393166,12.3083559703561
8.44849253523086,-8.68065872960261,12.8190188746878
6.88579831396424,-9.54848283355025,12.7396786113949
7.24269367930467,-10.1524656086642,12.6004386126571
8.5254228484098,-9.30382050330374,10.7327951860965
8.06299684046954,-10.0330701339152,12.9753640460093
6.41070864062373,-9.72567684372119,11.9298020074427
6.7461005975203,-9.87932982706448,10.7430040681873
7.51839779981773,-9.36140589748011,13.8785228777383
7.30708624379696,-8.94835910783481,15.0441051369022
6.74055628676747,-9.54321205672826,14.0855632112363
7.69784816912075,-9.28513731370685,12.9023336265926
7.68706905466567,-10.047391639772,11.78986077836
7.86059554059658,-9.26774525369367,12.5808227529275
8.27025326316955,-9.12430634481934,12.3412946450778
6.92168272482088,-9.03131901758915,12.8514315119701
7.03141062261781,-9.30857730357425,11.8726004619156
8.39380581607197,-10.2960362506538,10.8972237228739
7.72681498258395,-8.73056257799716,12.6203060221197
7.21531715698493,-9.56502215769663,11.0322782017949
6.93602781294759,-8.9067531342151,11.5717241407749
8.156905308909,-9.2253932212563,13.7336745692155
7.54110789301956,-10.4872530538549,11.4665354565651
7.76024385156146,-9.3256373804229,12.6679710520204
7.06646428911873,-8.54336932876518,11.9040429461135
8.90348267273491,-10.0160810425191,11.2704235450503
8.42495652536426,-9.34333995505445,12.253584529437
7.79676913426931,-9.2220826411857,12.0273345175496
7.94030521693529,-9.61480415140593,11.2351336312778
8.18427672757136,-10.0906949822297,11.3902924571314
8.5501458106647,-9.53795434177861,14.2485342543119
6.65947404835075,-8.88294204847911,13.1945699555779
6.6379460499601,-9.21772755603667,13.1701351250306
7.24676359252167,-9.65100486216414,11.6957655306277
7.76107684649011,-8.99059406769298,11.8704127127416
7.79195194818034,-9.19734597675971,9.910919131794
7.13010234950392,-8.91333560303559,12.8696051032841
6.65004831298741,-9.06922444050339,10.6772645209772
8.23245697931578,-9.50279393448816,13.8174267669335
7.4318687643475,-9.28777799979926,12.4827042499249
7.74468416860321,-9.04980409878167,11.9667554110742
7.96599753185199,-9.5662581968854,12.2129889038573
8.70298368565747,-9.9046390671003,12.6088102314502
6.31578292875362,-9.0027228676565,11.0827815172854
7.64131460124301,-9.74942044082171,11.5912576016955
7.66331292262862,-9.69538722971013,13.5934837405363
7.47396560118819,-9.25306811887317,9.15187103083141
7.68916919972135,-10.5561646746127,13.4499105385085
8.57676055746036,-8.81289959847191,13.7282183660089
6.64067556916344,-9.53058981634882,12.8798064398014
6.3257942929143,-9.10044706187355,13.2845653099218
7.98244068368533,-9.66622630811104,12.8740807571872
6.24486027157945,-10.1095074144715,13.659381210806
7.50495501823868,-9.33492501097829,12.2023567757344
7.13716649979681,-9.80899590768229,10.7565814909661
9.18238227229256,-10.197040250196,11.7698737354189
7.91439471050778,-9.60050682548433,13.7738098134515
7.66769290652249,-8.52524872185044,12.9964874317308
8.0253939419571,-10.0076914640637,11.4021954425682
6.88371435335264,-9.90489623807068,14.1857808326031
7.36609210566433,-9.88897342485857,12.405625729703
7.1346585430477,-9.13755597116319,10.1246962360748
8.12176553631288,-8.98881594580359,12.8509733313046
7.13370355322266,-9.52541712227688,13.914505591105
7.49557744040752,-10.0897251103746,14.4037861114236
6.64949553406131,-10.2062420332299,12.0777554183905
8.58566158242106,-8.60503465630939,11.1179734589314
8.44851721375267,-10.2303511590304,10.3007936241592
6.56392460193657,-10.125834635263,12.6547335336973
7.44509743934711,-9.91080942311269,13.0439327576671
7.3514366110568,-9.55894443737164,13.3406746684048
7.86213684345966,-9.18735499925972,11.6888077820384
7.96430167704082,-9.77574322599764,11.7627179246726
6.8626688826152,-9.11873799566139,11.4623538854995
7.58392107059183,-9.32563215947237,12.4381210172476
7.2841902231335,-9.80178178008667,11.591210499438
8.3833246691641,-10.31137206623,13.1851096431251
7.51299365062882,-9.35129025047959,12.0839022541104
7.51453849530391,-9.43435825246736,11.2063851125432
6.27078505821374,-9.1759899593684,12.6008735298909
8.24111900401946,-9.90445276378707,13.2052262678695
7.69769023614221,-9.12705932253025,13.2575053627881
7.2899082299997,-8.74339264385184,14.3790700631826
8.01998093637273,-9.33683304682759,13.6344260138851
8.36856299200725,-8.69671560425476,11.8473428575335
8.84653679037127,-9.36187091471344,12.6179759485656
8.45411557703411,-8.64875943978616,13.0517552892617
7.31078885954819,-10.2793185915009,10.5553741966368
8.35114349662337,-9.31049808109306,13.6379161129238
7.58495367676191,-9.66685470444232,11.3557447452981
6.46725079164078,-9.22669722490197,14.4859704831617
7.3582296994688,-10.1457571879537,14.5927674414321
6.73746621268644,-10.1565283404518,11.7258028014538
9.15356544727111,-9.71585315059132,10.4930646832386
9.6268656032149,-10.1152891576645,11.3767082514083
8.18288603368772,-9.49286756933999,11.6919122512089
6.75162193328646,-9.76193782900446,13.1847164489499
8.01331286379102,-9.31297789662104,12.5843552924922
6.90498878507501,-9.81998138974359,13.083407174504
8.37045058643261,-9.95055669225164,14.3969984629338
8.12701991194352,-9.63431412781654,12.152776013371
7.0319917932613,-9.33557861170202,12.0993229320435
6.90289535219246,-8.85075278857301,11.5231416794821
7.16472485300944,-9.57831006186928,11.3696927534984
7.78217734610411,-9.70590889356767,12.7912956987302
8.59258310321693,-9.31565667518421,13.1254536097662
9.19006916610613,-9.65149828612458,11.720362989508
7.44789392314137,-10.2281738190713,12.0371926708754
7.04293201979506,-9.83319775277515,11.7692637613928
7.29305862365634,-9.12206478245277,12.2377399993198
7.97811011604944,-10.6635617279984,11.2886195421003
7.64247593076914,-9.38987847581626,11.8390044236463
6.07805132041855,-8.92275889161379,13.7698167990733
7.79426448458863,-9.06263844893855,8.37457924442681
7.79980249854464,-9.25210251148362,11.6538865013332
8.65122598554557,-9.09032385945794,10.0630571855571
7.65509493445116,-9.77186370351583,12.9882441185471
9.74723688652151,-9.62346183805647,13.7434129424015
8.12452579601605,-9.33139482045264,13.916808259841
7.76521434958673,-9.70876292592818,12.7589966215321
7.77015925079484,-8.87543633309243,13.4910112823114
7.95660187265159,-9.7763438736307,12.4303611683834
8.25168193644374,-9.61560000660753,14.0509879999319
7.08982627699986,-8.98560599835646,8.6195789337163
7.62570389964737,-8.70537583997751,9.68142636382067
7.76146511655275,-9.54869994699641,11.4135632808136
9.64825902925167,-8.82032309222168,12.8913008766265
6.52862284477429,-9.99984982554456,13.7027839299359
7.81677011765867,-9.66257337381641,14.1627234031428
7.83983919610019,-9.5139035757056,9.64149750738746
6.66925057618412,-9.58734446721593,13.995284084794
7.73614742797414,-9.94536857815201,14.8610198658306
6.77157561293956,-10.219930898949,12.2986808035985
7.34906951345148,-9.61237893260251,10.2852371954284
8.37215370395145,-8.63867444941033,16.5149917735667
7.33808456088793,-8.87462410751097,11.0312910322649
7.79359978810546,-9.33584715773588,13.0341666543904
8.65547461989775,-8.94157355511324,11.7308216150681
7.660406031053,-9.54798635697587,12.4251633798293
8.14919553785633,-9.31467419533904,14.8762913181337
8.02186586006632,-9.5156966366349,11.2141315751491
7.65852530479769,-9.32153205120936,13.7910723361838
8.09042763856656,-9.89675058398515,14.6181708832106
8.01844133717776,-9.10356081606382,13.3161196605741
7.46768731599279,-10.3497900206959,13.2477383337717
7.62458988978312,-10.0542382996226,13.9961724245567
6.72390851730372,-9.12483149319736,11.7147475066036
8.01770215146382,-9.46486038501959,11.9099987169914
5.9374143271439,-9.48734637968471,11.5235699199602
7.9977408448999,-10.2694405793343,13.7218783322348
7.1468004117216,-9.93153821631727,13.4523615718561
7.71452196694088,-8.84403642933647,13.4701588073601
7.63749036924517,-9.52601714513388,10.0712085866241
8.48996709810592,-10.7134629784751,11.3266965677883
7.82370000979926,-9.49015610088493,11.1503302428146
8.03681882359606,-8.89969016566189,9.98523093161876
7.62501014669178,-8.73781076586694,11.8821045978125
7.36799945055941,-9.44277518903598,11.8404118824528
7.84087616517268,-9.4941198735318,13.2763384003205
8.93584421413217,-9.84403344227815,13.5638863261467
8.93860618050775,-9.07139082063215,10.9014642024531
7.82848761276847,-10.0686447784678,12.5729783905693
7.75348904590443,-10.1998939406927,11.6972753065274
7.84801840146267,-9.74168602372951,12.7678427045395
6.4324745928994,-8.94799180906819,14.206763118466
6.81236892422429,-9.93910433054679,10.447040044187
7.86276361780375,-9.3131682201835,12.2459109594639
7.78299155733032,-9.90249068126749,12.9652083056535
8.15731650673102,-8.48553180757391,9.83980191670352
6.78339003532623,-9.18090738767355,13.796686956184
6.45531327798586,-10.1175810343474,12.6864479843926
8.06712583527509,-8.86220028550239,15.6603903899293
7.32520813602061,-10.190675309986,13.4321776065965
7.55414029498466,-10.3256864160669,13.3570461382204
6.63114639727155,-9.13112549400973,14.4223321280867
7.52122879843035,-9.74154473744145,11.8025166015212
7.06604127125652,-10.017279486115,13.8982298664962
9.09802006532352,-8.86180235251219,12.0357344409889
8.16090962632163,-10.1348940769633,13.067951914198
7.65273357524168,-8.10245593700951,12.4498961599313
6.65265264403101,-9.522008307168,11.8336212868544
8.25042676385549,-9.76769703890845,10.827914629096
8.392090414504,-8.33086459930068,12.2377790499177
9.08359492773216,-9.03195470056589,12.3984959151321
8.84112606194935,-9.84625980207606,12.302369414917
6.51080755824614,-8.92203550182853,12.2736850597164
7.15883973807302,-9.65377496463748,11.9316002133026
8.49244693648059,-9.06881674812963,13.0526531354555
7.60384976905305,-8.88230263952441,13.291179016247
8.79018291506527,-9.46314300952077,13.433557718826
7.15830577243592,-9.47127119390191,12.2057846923029
7.42224159891402,-9.05359406554443,11.5144203109628
7.9823269279803,-9.53195289318391,14.5070232590879
7.88994028978882,-8.93147124387642,11.9987046398619
7.86312848988896,-10.0303966726299,11.638610489115
7.16844560778047,-9.57319816455783,11.1656770355302
6.57456883348129,-9.05770448425161,12.0645823499854
7.32441858010848,-9.03053182264003,12.3199368548633
8.71135061731386,-9.91541165869734,11.6828087979521
7.95408648136012,-9.64061942221296,12.1102495106172
7.93592348348483,-9.30820944557205,10.4936538869051
6.960285754544,-9.27357947449476,11.3067520134289
7.7334077134526,-8.95877056162276,10.6394110251235
7.17952751070733,-9.03022798147214,12.2863847602744
6.77055136347384,-10.2330725458124,13.5212024909069
8.28676783167686,-9.72006790957279,11.4326564411963
8.62725301946988,-9.47611221608748,10.9724016041685
6.7440707689223,-9.71996957286535,10.7529214678278
7.88691327794378,-10.0140916593498,13.0135603825169
6.40762917014199,-9.73906824668573,12.5700835192895
8.2162259046432,-10.1293884648409,12.4362838836577
7.75211236651576,-10.2359257469253,13.8255013615116
7.79764534662813,-9.82376015757053,10.1069243358478
7.96833946323845,-8.94771218254037,14.1650789327566
8.03831659424768,-9.64384997260951,9.9935265889529
8.32056601099657,-8.7229248460982,13.700715774943
7.97489057677565,-9.38509712773174,12.5682698853378
6.12460792096932,-9.29406197254974,11.4888569097117
7.27541911761332,-8.95901268206791,13.1707605773601
7.19729109599583,-10.0668209598123,13.5077285647497
7.75655473795918,-8.84477198799873,11.8877002569535
8.69285568536355,-9.46026221418107,13.4771906527629
7.8063623522356,-9.69221017815889,14.6131663869652
8.08869500456705,-9.43516640905142,13.7877390880625
6.45154778898094,-9.17612360692416,14.2146759597122
8.28453000756224,-9.41109607793777,11.0030236081882
6.89605019712198,-9.72239664832016,10.6500353856928
8.19881427670049,-8.81156346156939,9.68418347241085
8.40605882356529,-10.0559850197628,13.6087661310997
7.65616550998763,-9.40414273879604,11.1073076217838
9.21928014944479,-10.2188152772093,10.990459135788
7.75614387389972,-9.33090077223012,10.5738625483803
7.15697584182535,-9.39901462635748,11.9216262197509
7.29311787810467,-9.52671460115095,11.5072326881584
6.5978027804797,-9.01723009394784,12.5500878934787
7.38717589598211,-9.99086873858094,10.7513646548639
8.51674209932817,-10.3528503487284,11.7998992716894
6.92750679871321,-8.71613119385208,12.4480920733007
8.06950330135092,-7.65180273749758,14.5198541688824
6.65064781782819,-9.72241002618305,13.9649228126639
7.39193797291884,-9.27777113234766,11.7798639367609
7.35000674804163,-9.15170415975648,14.4378734097891
7.9475942005423,-9.03286689890638,13.6504438370903
7.79053744730894,-9.88593837478194,11.053802477448
7.73667724760743,-9.73784751349312,11.3987869829761
6.21659179695639,-9.28909017220241,11.8437715847469
8.79072102671406,-9.86371768305068,14.2600200049606
6.71236567671414,-9.04024096986272,11.8539140845555
8.15717204823044,-8.79812048220121,14.0582676512112
9.02019631907874,-8.61176027441561,12.0968566131158
7.039421244278,-10.0567611157069,15.1721737763481
8.18863499999499,-8.69016003440686,14.5521618211652
8.34299904351465,-9.84714453106872,9.5636930131212
8.46287948087715,-9.98301290793452,13.474954090772
8.13140831269537,-9.17070377340008,11.5203684220534
8.32780673781465,-9.68143735381062,9.94790987228682
8.66258938243201,-9.86152748365428,11.2566501465821
7.51078183068201,-9.26032896869945,13.9449320788502
6.38635488560347,-9.86237285265736,11.5565105905496
7.3510616126333,-9.45375962694815,14.1371846876488
7.7619868670479,-9.38143390223783,12.6791064057752
8.68862037702735,-9.56843057144829,13.0192589883699
7.7808550113779,-9.42158115484123,10.3618528916416
9.02623124484678,-9.33068674763282,10.8104286066468
6.59198646034689,-9.65216851415775,11.8495947514246
8.11971383692449,-8.68854411390761,11.8658471599997
8.5485382207234,-9.80014239468789,11.9580335919099
9.09705715358371,-8.76260656794556,13.8117360119661
6.63659979938226,-9.63324570674037,11.1684845481688
7.25787565400469,-9.781187966054,13.1448167152035
6.95830026830809,-9.18210931909887,10.6655601641678
8.745576684118,-11.1986623718147,10.6853401468025
7.31241357313824,-9.8905849751729,12.5376550144867
8.59711729656756,-8.59053234591511,14.9878694419902
6.85953828939039,-9.23447089402058,13.4981463028189
8.08957160434612,-9.1467007789414,9.26791697548082
6.88817341174603,-10.0986131444905,11.2869290459143
7.9684894068115,-9.7416993617492,11.1264801111663
7.27240065616792,-9.71405149827445,10.4740074890961
6.19219218600481,-9.95634542980574,14.0805959440947
7.57491771342526,-9.47163811552263,12.2656081811788
7.21747201138782,-9.63040326945028,10.0361549665082
7.83306265075752,-10.1738110556509,12.6744688807562
7.16852122548681,-10.3485329008434,11.8238835158701
8.03820758363333,-10.0310275570311,10.8000408445814
7.31932185377388,-10.1677365438876,12.908976350056
6.71131779064131,-9.84670689253144,10.9522892744983
8.67145800179142,-10.1968189549007,12.199702311268
5.60682198047902,-9.57006327173081,11.1995956251351
7.77125267715066,-9.68849520004229,9.76669807979871
6.38542471217979,-9.7003198919208,11.4179205717912
7.10681987676829,-9.21832841878787,11.9541495205771
8.0761986474724,-9.54789923872677,12.826381397343
8.01135303276526,-9.60367669188091,13.1467750037734
7.99278384970116,-10.5182334879435,11.5282331075262
7.75814332633789,-9.48349793066571,12.5236011324833
8.80750053622257,-8.25030603249477,11.672530868186
7.92165707207898,-9.16816141814201,12.3998264237807
7.72379307152756,-9.07273654312347,10.2747455602205
7.52449349140988,-10.2006088859166,13.0254929118323
7.80279476273021,-9.28841669443011,12.0726292694645
7.68117488359814,-9.86154413857076,12.0008343534942
7.80095600334806,-9.19789719485063,13.2798894114589
8.6814109802659,-10.262357599728,10.6066891255294
8.29558535753782,-8.79641758877183,13.3371168789266
5.19131025617001,-10.1331128747119,10.731233404011
7.96889991841437,-9.77173348270306,12.6706411942537
6.81310110072325,-8.68194330416877,11.9158170330455
7.91333300626932,-9.12181599364086,11.5806579567209
8.01606116398474,-10.0949410640606,13.1599232085819
8.41344314558522,-8.58170814925511,13.6633897538539
7.81789155220619,-9.97211112776205,12.9805163751186
6.84383774678248,-9.14509345693605,12.5206908209397
8.13599498877799,-9.15487213485673,12.0394854967394
8.4535791382619,-8.15701939626251,9.61532571601883
8.65463270604019,-8.84976169137295,10.534811435971
7.57177167210353,-9.48271236888034,13.7464486391006
7.71429480523658,-9.62264062606739,12.0769844940837
8.00406617420136,-11.0389919692254,11.9638552336735
8.37455148769606,-8.91209650160527,12.2374557497463
8.465289542106,-10.3130759872422,12.4915953470408
8.57168634665937,-9.6313747890525,12.0187498850894
6.85244386346429,-8.94797139491029,13.2883524209853
8.43225176369945,-9.25908006027143,11.6856748010229
7.94747757013217,-9.30990849076985,10.4895595821962
8.15669834187174,-9.77526443082191,13.093811368422
5.93242441853933,-9.86532055647135,14.4572078933448
8.10474488746716,-9.5735723221264,11.5120282949789
7.88250977514158,-8.99052351175406,13.5583789217783
7.55303733286704,-9.82342781549029,11.9883510124378
7.34240114947855,-9.37336564512185,12.2448187258311
7.59478985426581,-9.68293739599851,12.8063440493483
7.92242911916279,-9.91986697106942,11.505995412959
7.09793042297267,-9.97570686946225,13.047968095545
6.76080531230997,-9.45068021295952,11.452051869059
8.67015067305927,-9.21050589094206,11.7563118702187
7.16429086236141,-10.2871576733918,12.5843740777106
7.23463715745476,-9.86493872589923,14.7951315599281
6.86711942858512,-9.11329331724982,12.3020173085011
7.71100302653401,-9.83507855801875,10.9170513833539
7.51284480834851,-9.19284448694163,13.9789273956777
8.80620664722578,-9.00448900509919,12.0774290946137
7.41801535758307,-10.0252480405197,13.3619315614365
7.1842389185921,-9.09524010238562,11.6883211789143
6.36879974505974,-9.52557250230973,11.7394632457234
7.60454288663795,-9.26410675199113,10.7940034634497
8.16293158443726,-10.0532829802302,13.3541868308465
8.17102877637603,-9.28644600590665,12.8751211322272
7.65102335938126,-9.73964515237102,10.6769213655069
7.40448031230841,-9.30912296436931,11.3087744063802
7.89801549186412,-9.884478056238,12.9475846446609
7.88382712700691,-10.258601227651,11.0154085019888
7.04028935571291,-9.5983866995893,13.1362854832939
7.27314403486276,-9.89239012564461,9.87036716709071
7.93493228958365,-9.26974284171141,13.3896771860804
7.2606653009446,-9.71373981275391,11.5628667077483
7.40461637422809,-8.97789158714805,11.6625649667421
7.4807556051607,-9.34083457229545,13.7053525480021
7.81355759699967,-9.70770108051161,11.1267577122056
8.08605303838672,-9.37189190346205,10.6746319477105
7.8250079874364,-9.29853237575004,14.3889952609324
8.71530059253238,-9.05388095789477,11.0325775247606
8.50263890086826,-9.45078962402867,13.0623498322875
8.73440569509718,-11.1126178980342,13.1094526829253
7.2772020996962,-9.03012001577149,12.6755475040179
8.81253569449866,-9.02142420567164,12.8684282125091
8.59198107480509,-9.32436317732302,11.4550547071827
6.99343446341273,-9.78462923386639,13.5563978969917
7.04733582796655,-9.62595222149704,13.3825992749966
7.68216709497182,-9.67448490341385,12.7550368701727
6.81265218358119,-9.2127372590145,9.43248903912928
8.35634987408662,-9.62886246441508,11.3559483983728
7.21894179601926,-9.92943337734363,11.4322234447287
6.50093222892013,-9.56197610593702,14.1190291402509
7.49026806656827,-9.86889813791987,13.6876885664453
7.74899663505573,-9.6035171225004,11.7142089249057
6.46028646870486,-10.2962729236645,14.4038815561938
7.79403269918385,-9.37484755477953,12.5445032164211
7.99042565883376,-9.84596452009377,13.1724626024724
6.91887858839215,-8.44078666952313,9.13438366430894
7.62086606650923,-8.80465460267783,11.3913139409917
7.70325573754591,-9.1491650320661,11.2243882695356
7.91618146847559,-9.90383882977162,12.0915432772264
8.86684969810353,-9.63024989397471,12.7301601459626
8.1901681392861,-9.74370256538371,12.3842189719608
7.66364321255591,-8.90305455973804,10.8659098235792
6.93825231309576,-8.66969836014317,14.680983017015
7.22843281000512,-9.09043171247586,13.261241006949
7.97889587751358,-8.98209476079038,12.9501540188609
8.19818146907995,-8.48710688511567,14.0264117100502
8.5807532693057,-9.3205243966039,11.877379980011
7.43079771762324,-10.0236839324402,12.2150928675729
7.83868977152829,-9.64682257731507,14.4090066038117
8.37878424511263,-9.36981835088044,14.1094222230413
8.45255773880836,-10.5012873329807,10.1176780089798
8.2617969443227,-9.55343211496289,15.2081299565391
8.42346813715425,-9.13858714231574,12.7157125342381
7.51343113872863,-9.46471422288167,11.5418122231557
8.18145854149788,-9.5862660457769,11.9049071357614
7.88187101954233,-9.62273985507801,11.5307328953064
7.14198728772008,-8.81657325065952,11.4049408643815
7.50289516278991,-9.17158435561797,13.7189089439437
8.38429904354145,-9.55450178147947,14.866266145037
6.604528007632,-9.91180947802192,14.0226588786757
7.34960130301424,-8.02538831521419,13.082113316855
7.82262510236893,-9.9599578121406,13.437049309206
7.05816271112796,-9.15168787143364,11.0356575096021
7.44439343105249,-9.32215840299983,14.5203349321442
7.70980869569286,-9.61256014378633,14.5920799117994
7.17620440729666,-9.18710396918306,10.3543324462448
8.2760151323045,-10.2985938517205,11.2049927796898
7.94994004247282,-9.52454096792843,14.4528959770068
6.49994662402966,-9.67746137862885,12.0793990693712
8.55874558869365,-9.28477843806786,11.8192671542042
8.82119643523155,-8.82461318942722,9.04542732968407
8.43720077436461,-8.90228705478137,12.2481106984727
7.92519635083432,-9.79161666046775,11.5501988543339
10.0350971595289,-8.88101069573938,11.5161605784576
7.35024894327389,-10.2484528705055,10.1125983281872
8.15078553457357,-9.67732299837502,12.9894742347572
8.06093521823722,-9.28719204931265,16.2679555435492
8.38929931050669,-10.3558369121434,11.4801065256664
8.28328285474793,-10.5335831180243,12.161193845965
8.11247056559584,-10.4905083909131,12.8316316500083
7.19298621578958,-10.2165532431755,11.247391361081
7.9179002248662,-9.72255524017337,13.0565879553702
7.27943540609138,-8.51732514661323,12.297284509105
8.38811757326204,-9.37638222758751,11.438020960599
6.8161525010902,-9.90349875042525,12.1789884510846
7.37877568060276,-9.12652603909137,13.2267217070263
7.23108885059067,-9.29458792046427,10.9414979089272
7.42384004644105,-8.82894070741245,12.4541889670774
7.53713440880824,-9.90870072517632,12.3613264797274
7.61719992719396,-10.0531991636953,11.100289418721
7.5811028941551,-9.04328611359809,14.029988422712
8.76507905192232,-10.9152265424137,10.4853287989317
7.96522967563636,-9.38094762749732,13.3130275864498
8.55966649300565,-10.225735834523,10.9910366932031
7.3400575233182,-10.3234577738498,11.9632157688867
7.89314789844938,-8.80387505067662,13.8020552099175
7.59823461891323,-8.93729111601422,12.6546350261064
8.35004911420829,-10.0244424566321,9.63570826035222
8.22876117504867,-10.3057272994293,11.0987340760198
8.14943115100558,-10.333705459817,10.9711643414036
7.24511631544969,-9.157366726306,10.9430124909851
6.46745420124453,-10.4704650539671,12.8467654548798
7.23416636601042,-10.235034339845,12.5272111093191
8.39809959421094,-9.26899069993251,10.3673416794845
9.11605152994907,-9.51899478238155,16.9789754631312
6.99639622969064,-9.08989329146532,12.4104052842217
8.17602087948876,-9.88027435703326,9.60386952723462
9.11096846418577,-9.38765912031206,11.980578987449
6.0892807484701,-9.50949942029569,11.3940641977216
7.99092836228046,-8.50423586783592,11.0907392551121
7.81630007583649,-9.70134464295268,11.02365955192
6.66900942117969,-9.92698184941948,14.0645565455601
8.25955945952655,-9.37238476871228,12.7547347968343
7.96087169522143,-9.49731610465335,12.2282626294348
7.58616744637938,-10.1247340297252,12.0727648977564
7.50820992018699,-9.56254802207114,12.309627183153
7.10626215949342,-9.45472339371038,11.6597677380177
7.31803289296097,-8.70660430050344,10.7835978355979
8.35887607242477,-10.1506339604179,9.62866260843542
7.6846137851374,-10.1355321081608,12.4575458673397
7.48883708264317,-10.5741696364904,11.6369003045028
7.21153277261131,-8.95100700567315,10.983850298626
7.88574280785567,-9.09797467965655,11.8414179936573
8.77581735468942,-10.2462228203902,12.8447356571398
7.33452781131909,-10.0011717894228,12.244747570236
6.94978089497239,-9.78061033996652,13.2548785358424
7.87593707904875,-9.83378374013166,13.0930197070335
7.76444562562514,-9.21287111524187,13.3453481439446
7.33576397418685,-9.39768619099442,12.5095758474382
6.53656809690934,-9.41088387610557,11.1637056175677
7.55674464741186,-8.91941973917653,15.2798349967683
7.87268530810897,-10.1039914257502,14.6358558927189
6.72529497825495,-9.17355435708856,10.5190419869395
7.76180067978043,-8.41773346908498,12.5112428207728
8.64482876723282,-9.22390190921777,9.70210757074939
8.03808377891643,-8.95565349087984,13.9060966126196
8.2341408993835,-8.87129382442282,12.3260280251981
8.40645807432212,-8.69909891803487,10.8628696993758
8.34191153344989,-10.0910804542598,8.1371288166431
8.35721535096933,-9.53969714951193,9.06247706458907
6.83854394487699,-9.91304620033359,15.2407876944931
8.28393844214799,-9.7973230970575,9.69775277708086
9.15915003341176,-10.4440560101789,13.3065368326975
8.43214783706348,-9.1863506323119,11.2276624673794
7.32956974483701,-9.36948606973751,12.7291417633667
8.36290999778251,-7.70690336002579,13.8077333884596
7.03047825477442,-9.12405899528059,13.1031437646993
8.83531493310626,-9.45646138441769,13.8461779530425
6.3772801073241,-10.6852927589559,12.7425986857041
7.9261712710651,-9.13393973608742,11.6044768536097
7.079042913382,-10.255347311234,15.1518409940446
8.08461633579141,-9.38143203680107,13.8573149615263
7.58158356806221,-9.08192025866173,10.432979573753
7.49759887629029,-8.48184345314659,10.6110697298503
6.68210990386969,-9.31304796862018,13.3340791306897
7.52575826664557,-10.2901763415457,12.7668301546397
8.60513597510916,-9.79874354096837,12.6073032066667
8.23849822875204,-8.74269038884107,12.5650927560971
7.52379544977638,-9.40242732336641,11.3496467759916
7.54864291310213,-9.30390960137552,12.6822684024731
8.14726228137316,-9.11280419522457,15.0863133105923
8.28971953184752,-9.99818537153893,11.9966715365647
8.3493936868736,-9.77857056928097,10.4929130384829
7.47917166444702,-9.78963436496855,8.89742715763014
6.44456763772922,-8.69400846175632,13.2892407221534
8.62514648075504,-9.49112283596792,12.3760360598402
7.66654675055219,-10.0007628871713,12.6844837918659
8.40248771174801,-9.62712748388846,12.2976286100422
8.55757593157553,-8.95580277163228,10.3470394783487
8.16642410829282,-9.26984959387677,13.8776879582876
7.23799330121594,-8.82989568416804,15.1562830719556
7.23104299200617,-9.66479250695897,12.65047083483
8.16722691900414,-10.7567190124983,12.8243607149918
8.10749014833488,-9.93092147163444,12.4161903134289
6.96409943452919,-9.41284404389167,13.0025736490209
6.88271748574471,-9.76863567787531,11.7810278767631
6.71165882147854,-8.85568286514732,10.7996917626069
5.88992572589408,-10.3105112478472,12.9127284962566
7.21527550277628,-9.32874373922909,12.001152544896
6.29866799033469,-9.59359096989959,12.3889237765527
8.19792494475363,-10.9209283153115,10.3531259004429
7.4121593662026,-8.40469712757681,13.4677197190845
7.54301728326363,-10.0311687856286,12.491747010411
6.50498113161064,-9.28085933580058,11.4570573308408
8.46950465738481,-9.02749089667813,10.2578924027928
8.68736307572154,-9.74516799796311,12.9849180669386
8.72079773460415,-8.87478799786539,12.376179066405
6.95545022215496,-9.04546572678907,13.0662408363573
7.19123560622712,-9.96580861407556,12.5947283352926
8.2754403795325,-9.02373922499168,14.4345933851329
7.52779823626135,-9.59097154124862,11.7705232233412
8.26711078213006,-10.4621868720547,11.7518672958257
8.11629616542347,-9.13016581676498,12.3656730063638
6.96116036541306,-8.43791647767015,14.3942767791506
8.41614461906623,-9.18643858123034,11.8145375557646
7.79832229067221,-9.68392903204874,12.3747591265595
7.17915436758014,-10.0806338759871,12.6270176744098
8.20656664402633,-9.42164814567352,12.1486118293698
6.96820091398827,-9.8563075142732,12.1311679293682
7.81313917052054,-9.99309305718303,11.2950360730287
7.19389939791028,-9.78729134544791,11.1145413187084
8.29138327466347,-10.3846700058933,11.6616277728239
7.98139635269922,-9.56406293354705,12.2010843030689
6.82020497554668,-9.31525726135425,12.8977358815619
6.86466353964473,-9.35535067667858,10.3175869179599
8.24129772208076,-9.31428905010547,14.5194821987664
9.62300939252483,-10.0124102001141,11.9195443514504
7.84122529919432,-10.1145889651581,12.0120021991866
8.4183117603095,-10.1529284699456,14.0215572135834
9.20621430707814,-9.63505920568808,11.8030327340878
7.38852568194301,-9.85948116597254,13.0731344247448
7.70499651084393,-9.38618799572211,11.3829506168561
7.5664282629834,-8.14498563642662,10.0042863952211
8.20976696325256,-9.99177047001834,12.4639435664914
9.15095772627368,-9.30679949002101,11.7851373451034
8.13987948055576,-10.3015996070412,13.5841757096204
7.37507229558001,-9.7114382856116,10.2072246799955
7.52484458057578,-9.16745101535862,13.5701259383146
8.27574811202143,-10.6133378266621,11.5437688436967
8.36214368969938,-8.90282900768439,13.2059331230385
7.44882407079796,-8.82263411958371,13.1210597230144
7.34761001640632,-9.19850904875308,12.598581096229
7.30110383672137,-9.88732138602949,12.3099686884762
7.82390558540521,-8.73088218147902,11.1169839884771
8.05295698532209,-9.38553501589149,13.2582527702677
8.86694662504128,-9.79013249574256,12.618940331467
7.59802968917951,-10.1841689575834,14.2288984032901
7.57683248719397,-9.62853369236405,11.6500471640047
8.99746701695531,-9.31827695268703,13.6980704916086
6.82755703135807,-8.92144446984938,15.3617201053305
7.6292812172855,-9.80244951271491,11.6817901030101
6.69699315359475,-9.22557170486196,11.599182553532
7.27352338153054,-10.0365092633726,12.1350027696344
6.75541711298495,-10.106190400512,12.1137259504974
8.26489707385087,-8.82527283778079,11.2941001250232
6.64808308489491,-10.2505342250694,13.0111017309618
7.44740316244164,-8.96986055747504,12.1210465605285
7.03752672208032,-8.78943773218981,12.6660282060107
6.91994086524961,-9.71216338554265,11.740863490164
8.99073678871978,-9.78106396543324,16.0345933131009
6.84531102678775,-10.1819613882992,13.3746197026736
7.52066660975083,-9.81149860823183,13.1494083656952
7.34525065617526,-9.03747060183379,13.0288969539201
8.06090384883383,-9.00581121411898,11.3074929052028
6.90134456629264,-9.53715063288726,13.0446104159195
7.50666835155934,-10.2379714785759,10.5841382454169
8.78756530927339,-9.69095362394297,15.0495086659536
7.18194166444611,-9.7215924351527,13.4001037465534
8.40547160953091,-9.83386615488304,9.27387693473591
7.48034597092902,-9.75639490754066,12.8238039097017
7.9406423530642,-8.4574236717052,11.7970159409227
8.01457280891482,-9.36523640869964,12.9056045915338
6.29546995140958,-9.73181653756276,12.3251152687856
7.82898363167309,-8.35591177144269,13.2362602421364
7.58002345459401,-9.33667123833552,12.2475018692867
6.75448667177226,-8.30769645804851,11.0413928464671
7.93905295192085,-8.78716699625166,12.2522761563255
8.45584100658146,-10.7688784523572,13.6694050779518
6.98166092971057,-10.3963688528712,12.1062670143047
8.44195480836611,-10.4463310978563,11.5001662952963
7.20181694901027,-10.019615774673,12.5633538412947
6.81442019067741,-9.36129070269284,10.9854344015363
8.22440705034748,-9.30577139918767,11.646144062372
8.10727863369827,-8.85499521612984,11.573221416432
8.43869092539572,-9.84955186939297,11.520821395726
7.60299695368509,-8.88416955205846,15.8047416108389
7.45073221862973,-9.37260095656005,15.2681880772956
8.44273008331784,-9.50945104326185,10.7297728745473
6.88939456941798,-9.32156627700218,12.2563077216544
7.06311621669454,-8.85394665063327,11.2345532538073
7.59529147280762,-9.63737744522844,15.0892962181589
7.44351888876743,-9.90005342268031,15.1652704173948
7.65852447371013,-9.66405088511475,12.4031870637796
6.89195724625524,-8.66982695728383,10.9961284660834
7.69363433788771,-9.06669657019407,11.9310195102405
8.55415752257461,-10.0447941838445,13.9382526694218
7.06374296404441,-9.23513815295117,13.1090995612938
6.6056940592744,-9.9636233705912,10.3295782164308
7.23983245304753,-8.61191905881948,12.6054572255672
7.74914616551793,-10.5502064898939,13.065869952294
7.77073002655475,-10.3426707574596,13.4952632836456
8.4016163924544,-9.00855643223347,10.877023459029
7.94198905957089,-9.75076717026908,11.2974403417613
8.00941661208538,-9.24094398053506,10.0174585948547
8.39463425031874,-9.75174194842111,12.7187150410182
7.67544188747899,-9.37308113437846,12.7725922781493
7.07840752039135,-10.5983867092561,13.847644728842
7.18195388387661,-9.87272813950132,8.48667726957925
7.7755867361826,-9.41831212657152,11.8275596815224
7.87850533388123,-10.2653017684249,14.6699962514015
8.08261190106115,-9.5766337898863,12.3021230798103
7.24265571272237,-9.61264259746363,11.9583298680076
7.13236190737899,-9.80207051442796,12.0408128527012
7.30675703302371,-9.4326837844273,11.9225563355429
7.93665281377221,-9.4561760159821,12.4717254540433
7.85790662263969,-9.89999406550103,12.4249940094097
8.30243246055555,-9.48588634499733,10.7843381692048
7.25726926546907,-8.89409053050218,13.1164262158494
6.71165921573209,-8.95774868670287,12.606553613623
7.80266161758988,-10.109165329042,12.8633011724043
6.96707428972916,-8.70268641531017,10.7424821985408
8.00601234554165,-9.16676654969065,14.0078285611573
8.05561704519107,-8.51072785134676,11.6092758563109
7.08945084802266,-9.6041211249338,12.7323091688223
7.6308407624601,-9.15265128726709,14.3942698291083
7.69886036384384,-8.2471647564464,13.2812962914613
7.34968835637337,-9.57575964345198,9.74242389747583
7.86469747954171,-9.26564772960469,12.2657433464
7.67924728703917,-8.54322276124017,12.57823830949
7.54135796566197,-9.00716892869032,12.252937908867
8.24007336340596,-9.35991102478849,10.7858478035349
7.3032142174555,-8.34340560921366,12.9403710208305
8.23346421501573,-9.0488581817401,11.8160602002308
7.56535488624628,-10.628260628631,12.0067105568093
7.73403486297164,-9.54622740242569,13.6359266513573
7.71619661289853,-9.87094671553716,11.564914447948
7.90129150224921,-10.0300215927852,11.4679860851722
8.99162979881218,-9.82374404981491,11.2306926950247
7.3442169227202,-9.670373511556,12.5897853704398
8.92777294146506,-8.78584387330422,11.8652752836613
7.05279556210937,-10.3001693794383,9.2101696134483
6.72755597894486,-9.96742696285078,11.2660692997707
7.85285965756277,-10.671602845254,12.844335567636
7.97807012449422,-8.59831674328122,12.0932537217418
7.74554791903452,-10.3774035854847,12.1963051942181
7.91553834773043,-9.89618087861057,15.4968172000244
8.27683131342572,-8.45077288747746,10.1757225471386
8.73820528491147,-9.34457299497447,12.5879257215658
6.96735121563018,-8.50466685903719,10.3619918843278
8.98143076955431,-9.46505190430429,10.7927926018369
7.09630261734613,-9.63816945440579,12.1616933743465
7.35620826915688,-9.73243985747872,10.5674703292821
7.7849804819715,-10.4285854404095,12.2122824212668
6.67094953869867,-9.50921722802195,12.8672408843126
7.08744007964379,-8.58290868912133,13.208448365324
7.01163721446243,-8.92403608758867,14.5364662530293
6.81515892563821,-9.06801190023666,11.6069352562018
7.0345121485395,-10.2301181435273,13.3010619373743
6.97637606145764,-8.7768202601685,10.5329594366612
7.3512929470021,-8.72733665922426,13.3966504473469
7.44544473940479,-8.79545747169598,12.1870786092641
7.23311321133782,-9.97634325800733,12.1010278708731
6.35861277650943,-8.9757847029143,11.9123751129702
8.97132136096652,-8.4466697464119,11.9016746077565
6.54098079191452,-8.45775054873632,13.3849352796424
8.55683969585627,-9.29648998759878,11.1576703210396
8.63260647762693,-9.58682206752036,13.0324193016782
7.36751865519622,-10.147044643351,12.8938903484642
6.84865369686282,-9.39141505987537,11.8124901833547
8.69502495111051,-9.53637391813537,10.1491870746373
8.10854452474451,-9.19684982443543,12.5722465516565
6.94125713856613,-9.65515765367469,14.773928329566
7.76635045951626,-9.37336843944316,12.8071747185053
6.53298434610742,-8.95950851664988,11.0063460193867
9.03876291450455,-9.03725739061131,10.8117661548672
8.17531314018244,-8.51170652779047,11.5830491499322
6.72429879935275,-8.97718826194798,13.2278641369256
8.84824365351844,-9.06535059362851,13.6821287359284
6.47801292942537,-9.40962222510944,11.9595701331298
6.88979507906323,-9.86450723511455,13.471124449441
8.10522003092754,-9.3251660249954,14.9765092138611
8.32237957066109,-10.4448409973935,12.374238566343
7.81104645398608,-9.89050256015312,12.9079878923877
9.20553758113081,-8.93533219425512,14.9779550745536
7.43713206252919,-9.7905326979854,9.5156742951113
7.27521790763346,-8.96940618170547,11.7735961778495
7.99153470998665,-9.055808686903,14.5002577419961
6.82650146535536,-9.23858711386018,12.5568268808635
7.48086912464657,-9.63219701026909,13.5297908755935
8.03175484980446,-9.05948537034546,10.5773214870729
7.40276490683578,-9.37980407603386,14.5079713807047
7.71274370897542,-9.58694719506816,13.7546967161799
