  3.9879663e+000,  8.2906951e+000
  5.1309990e+000,  6.7556404e+000
  5.7246858e+000,  8.3430061e+000
  5.4508176e+000,  5.8542889e+000
  4.2985841e+000,  8.2836970e+000
  5.3175605e+000,  6.4566251e+000
  5.4113657e+000,  5.1924959e+000
  5.1012685e+000,  8.1499050e+000
  5.2326663e+000,  5.5278201e+000
  5.1881633e+000,  5.8544016e+000
 -8.9699350e+000,  6.5477939e+000
  8.7859669e+000, -5.5869033e+000
 -9.0415439e+000,  7.3486924e+000
  7.3410173e+000, -5.4463231e+000
 -9.7160906e+000,  7.5693622e+000
  9.7593166e+000, -4.2921869e+000
 -9.5900233e+000,  6.7722274e+000
  9.7821483e+000, -4.8265559e+000
 -8.4375048e+000,  5.8838169e+000
  8.5437894e+000, -4.9475634e+000
  4.1802887e+000,  5.4404471e+000
  3.6818913e+000,  8.0102267e+000
  5.4733049e+000,  8.8917611e+000
  4.6618762e+000,  5.9500058e+000
  4.6463945e+000,  5.6785254e+000
  5.9812088e+000,  9.0269590e+000
  4.3851533e+000,  6.0873343e+000
  5.8314425e+000,  5.4745073e+000
  5.8347492e+000,  1.0039241e+001
  5.1262604e+000,  5.9243846e+000
 -9.3093290e+000,  8.3525548e+000
  9.1735397e+000, -4.8926561e+000
 -1.0826122e+001,  6.5523352e+000
  9.1223489e+000, -3.9273480e+000
 -1.0177111e+001,  6.0483933e+000
  9.0944322e+000, -4.3023500e+000
 -9.2133526e+000,  8.2230266e+000
  8.9780086e+000, -3.9673093e+000
 -1.0669364e+001,  7.4518228e+000
  7.5964676e+000, -4.3277773e+000
  4.7754153e+000,  7.1595905e+000
  4.8912162e+000,  5.9048840e+000
  4.9421868e+000,  6.4655343e+000
  4.8350304e+000,  8.4771062e+000
  5.5023561e+000,  8.3720826e+000
  5.0758213e+000,  7.3628453e+000
  4.8444177e+000,  7.7299377e+000
  4.9956924e+000,  5.7955070e+000
  5.9972433e+000,  8.2813624e+000
  4.9560453e+000,  8.2154809e+000
 -1.0535867e+001,  6.6790453e+000
  8.7018269e+000, -3.5145920e+000
 -8.4597426e+000,  7.2818651e+000
  7.3198823e+000, -5.4423782e+000
 -9.7371150e+000,  7.8745196e+000
  8.8980214e+000, -3.9261293e+000
 -8.8966130e+000,  8.3557313e+000
  9.3393926e+000, -5.4187153e+000
 -8.9645941e+000,  8.3079796e+000
  7.9925039e+000, -5.3306048e+000
  5.2161422e+000,  8.3486082e+000
  4.7418319e+000,  7.3190606e+000
  5.6507296e+000,  4.8835534e+000
  5.1740834e+000,  5.5009205e+000
  5.6562578e+000,  9.7093485e+000
  4.6861968e+000,  5.4648881e+000
  5.5860772e+000,  1.0162779e+001
  4.2605609e+000,  7.2972232e+000
  5.9950121e+000,  6.7601027e+000
  5.5771809e+000,  8.3945633e+000
 -8.7482593e+000,  6.5628076e+000
  9.0960928e+000, -3.7988369e+000
 -9.6619291e+000,  7.0377438e+000
  8.8897238e+000, -5.6322208e+000
 -9.8706759e+000,  7.2133533e+000
  9.6232973e+000, -5.3008962e+000
 -9.3949231e+000,  6.5108312e+000
  9.7306301e+000, -5.5452470e+000
 -9.6406449e+000,  8.3849512e+000
  7.6688794e+000, -4.7979340e+000
  4.3862129e+000,  9.3626786e+000
  5.5012877e+000,  9.8867838e+000
  5.4733338e+000,  6.9262631e+000
  5.5932465e+000,  8.4484501e+000
  4.4643645e+000,  4.7229039e+000
  4.5326483e+000,  7.8417589e+000
  4.1750869e+000,  9.2962770e+000
  5.6276120e+000,  9.3042673e+000
  4.2753871e+000,  7.2373628e+000
  4.8913800e+000,  6.5759802e+000
 -9.2829460e+000,  8.1149855e+000
  9.6665970e+000, -4.7425525e+000
 -9.4025903e+000,  8.0243498e+000
  8.7122483e+000, -3.7709338e+000
 -1.0315505e+001,  7.7627118e+000
  8.8184525e+000, -5.9063534e+000
 -1.0137797e+001,  7.8557127e+000
  7.8095715e+000, -4.5947975e+000
 -8.9626357e+000,  8.5783731e+000
  7.6849186e+000, -6.0474366e+000
  4.7805483e+000,  1.0304163e+001
  4.8983763e+000,  1.0255259e+001
  5.9082767e+000,  5.0719727e+000
  4.9795487e+000,  7.6999965e+000
  5.3063570e+000,  5.6047603e+000
  5.0422913e+000,  6.8990482e+000
  4.4483290e+000,  9.0242575e+000
  5.2277564e+000,  7.5489269e+000
  5.3139862e+000,  8.1250351e+000
  4.4099769e+000,  7.6412899e+000
 -1.0714525e+001,  6.5902221e+000
  8.2324386e+000, -4.0999531e+000
 -8.1417995e+000,  6.8957976e+000
  7.1278626e+000, -5.5484632e+000
 -1.0621061e+001,  6.8554711e+000
  6.9340182e+000, -5.5774181e+000
 -9.7406377e+000,  8.4633331e+000
  8.8088796e+000, -5.3856316e+000
 -8.2041374e+000,  7.7183439e+000
  7.0329554e+000, -4.4506721e+000
  4.4575756e+000,  6.5839522e+000
  5.1261656e+000,  7.0358454e+000
  4.2714969e+000,  5.4932024e+000
  5.7210843e+000,  8.7270867e+000
  5.3087897e+000,  5.8654438e+000
  5.3293733e+000,  6.4865609e+000
  4.9483973e+000,  4.7760389e+000
  4.3499413e+000,  6.5288609e+000
  4.8695346e+000,  8.1560448e+000
  4.7806383e+000,  5.4019106e+000
 -9.6986952e+000,  6.2635567e+000
  7.1686254e+000, -3.8618168e+000
 -1.0138541e+001,  7.4877687e+000
  8.4828160e+000, -5.5998457e+000
 -9.5342835e+000,  7.1850362e+000
  7.9602182e+000, -5.4730658e+000
 -1.0801208e+001,  8.6689279e+000
  8.5486835e+000, -4.9313524e+000
 -1.0778531e+001,  7.1385958e+000
  7.7157757e+000, -4.1795669e+000
  5.7129251e+000,  8.0061402e+000
  6.5245053e+000,  4.3345969e+000
  4.6184479e+000,  4.9801279e+000
  5.4949593e+000,  4.7065152e+000
  6.1133244e+000,  9.0917781e+000
  5.4922282e+000,  5.7002109e+000
  4.2284595e+000,  7.5847545e+000
  4.8197109e+000,  6.3507459e+000
  5.3178492e+000,  4.9276533e+000
  5.4853579e+000,  6.2559446e+000
 -8.7774981e+000,  9.0386260e+000
  7.0701309e+000, -4.3328128e+000
 -1.0160151e+001,  8.3195996e+000
  7.0989278e+000, -4.3529772e+000
 -8.9238413e+000,  6.9158511e+000
  8.5900296e+000, -5.5726329e+000
 -9.8643813e+000,  6.8905646e+000
  8.3818510e+000, -5.5415098e+000
 -8.8746523e+000,  7.5580429e+000
  8.7988079e+000, -4.1023421e+000
  4.9556975e+000,  5.8581430e+000
  4.4347468e+000,  7.7205609e+000
  5.4309718e+000,  6.7873832e+000
  5.1629254e+000,  7.4731003e+000
  5.2897636e+000,  4.8801805e+000
  5.0024404e+000,  7.6198320e+000
  5.7480241e+000,  8.3924894e+000
  3.2358477e+000,  7.3325502e+000
  4.2146209e+000,  8.5956936e+000
  5.6833027e+000,  6.7888915e+000
 -1.0645467e+001,  6.6783778e+000
  7.8898754e+000, -5.5251802e+000
 -1.0420418e+001,  8.8952062e+000
  7.1279829e+000, -4.9045529e+000
 -8.5317696e+000,  7.2272112e+000
  7.1270079e+000, -4.6770627e+000
 -1.0208476e+001,  6.6513969e+000
  7.8049704e+000, -5.3456704e+000
 -1.0770842e+001,  7.8884302e+000
  8.8155995e+000, -6.1138794e+000
  3.9894343e+000,  7.4998680e+000
  5.4976887e+000,  6.5178282e+000
  5.9889020e+000,  6.8644425e+000
  5.2291475e+000,  4.0762171e+000
  3.8641061e+000,  6.8030266e+000
  5.3253925e+000,  6.2358608e+000
  4.7159584e+000,  8.4858878e+000
  5.3116810e+000,  7.5538653e+000
  5.2371130e+000,  8.0653145e+000
  3.6932224e+000,  1.1068978e+001
 -9.1735800e+000,  7.7690393e+000
  8.4800893e+000, -6.2111519e+000
 -8.4133438e+000,  7.4062370e+000
  8.2785675e+000, -5.1096912e+000
 -8.7866022e+000,  7.8004715e+000
  7.6143726e+000, -4.2943393e+000
 -8.3759897e+000,  7.8250466e+000
  7.1111210e+000, -5.0633933e+000
 -9.9972134e+000,  7.6340305e+000
  9.0859617e+000, -6.1259445e+000
  5.8024478e+000,  7.1618344e+000
  5.2476821e+000,  8.5539876e+000
  4.9572420e+000,  2.8613356e+000
  5.4966874e+000,  7.1912082e+000
  5.1692802e+000,  7.9085073e+000
  4.4578384e+000,  8.1657033e+000
  5.1923300e+000,  4.6214906e+000
  4.6501995e+000,  6.2878920e+000
  4.5793319e+000,  6.8125360e+000
  4.7694643e+000,  7.6184332e+000
 -8.3046419e+000,  8.9425081e+000
  6.9127320e+000, -4.8301558e+000
 -1.0600108e+001,  8.4633080e+000
  7.1664389e+000, -4.3607058e+000
 -8.6256627e+000,  7.5883339e+000
  9.4555533e+000, -5.4174488e+000
 -9.8190696e+000,  7.8722418e+000
  8.8523808e+000, -6.2449334e+000
 -8.2170690e+000,  7.1870392e+000
  7.7232193e+000, -3.8090705e+000
  5.1448224e+000,  6.5193724e+000
  5.3848654e+000,  8.6300337e+000
  4.5738170e+000,  9.9729926e+000
  3.6780406e+000,  7.7076681e+000
  5.2989783e+000,  8.5740837e+000
  5.3373450e+000,  5.0263982e+000
  4.6413727e+000,  6.0461900e+000
  5.0938164e+000,  5.3756730e+000
  5.0530376e+000,  8.1756848e+000
  5.7409522e+000,  6.3444068e+000
 -7.9948206e+000,  7.8004070e+000
  7.6183520e+000, -6.4754030e+000
 -1.0472538e+001,  8.3523055e+000
  8.2603099e+000, -5.4773489e+000
 -7.9734908e+000,  6.8671085e+000
  7.9641623e+000, -4.8131715e+000
 -8.3610216e+000,  7.0165604e+000
  9.0660133e+000, -6.3133668e+000
 -8.0909389e+000,  6.7499614e+000
  7.8207422e+000, -6.3281384e+000
  4.1766085e+000,  9.1259696e+000
  4.6330068e+000,  5.7494695e+000
  5.6393871e+000,  8.7298191e+000
  5.0305918e+000,  5.9857967e+000
  5.9334986e+000,  6.0188742e+000
  2.9331002e+000,  5.8147069e+000
  4.2703538e+000,  6.2446593e+000
  5.1317202e+000,  4.4620865e+000
  4.5795291e+000,  6.6000605e+000
  5.7028192e+000,  8.0853238e+000
 -9.3828461e+000,  7.9296927e+000
  7.4991689e+000, -6.4210797e+000
 -8.2428778e+000,  9.0730579e+000
  8.3645472e+000, -4.4507081e+000
 -9.3257100e+000,  8.3531053e+000
  7.8998431e+000, -4.6019916e+000
 -8.1620709e+000,  7.4487009e+000
  9.4157489e+000, -5.4814584e+000
 -9.2920298e+000,  8.6341120e+000
  6.6410314e+000, -5.2578521e+000
  4.8844480e+000,  9.9903506e+000
  5.7106917e+000,  5.0347537e+000
  5.5932164e+000,  7.1224480e+000
  5.4914382e+000,  6.0477646e+000
  4.6511941e+000,  8.4190581e+000
  4.9166851e+000,  6.8676438e+000
  5.2501770e+000,  7.5947069e+000
  5.6951239e+000,  6.0686313e+000
  5.6411518e+000,  6.1629438e+000
  4.4735657e+000,  5.3947791e+000
 -1.0108970e+001,  7.0025751e+000
  7.0009566e+000, -5.3775481e+000
 -8.7710413e+000,  6.9334032e+000
  8.0194767e+000, -4.0314246e+000
 -1.0085507e+001,  7.3643152e+000
  9.3034425e+000, -6.1114838e+000
 -1.0128741e+001,  7.4511289e+000
  8.7409795e+000, -6.5801516e+000
 -8.5357558e+000,  8.8432387e+000
  8.2461804e+000, -5.6896221e+000
  5.0269856e+000,  7.5992935e+000
  5.0183013e+000,  6.5118106e+000
  5.5210478e+000,  5.5916439e+000
  5.1591199e+000,  7.4057992e+000
  4.3492034e+000,  9.1597457e+000
  4.0049208e+000,  8.7566941e+000
  5.5043670e+000,  7.0448521e+000
  5.0761170e+000,  7.5846230e+000
  5.1843570e+000,  5.8961454e+000
  3.1912614e+000,  5.0407274e+000
 -8.6159245e+000,  7.5999173e+000
  8.5608601e+000, -4.8222985e+000
 -8.1758996e+000,  7.6091070e+000
  8.7610300e+000, -4.0252538e+000
 -8.5277688e+000,  9.3488880e+000
  7.8347795e+000, -4.0685069e+000
 -9.1246321e+000,  8.9706312e+000
  8.0473555e+000, -6.0671426e+000
 -9.6948414e+000,  7.6910362e+000
  8.1384371e+000, -4.6631965e+000
  5.2928003e+000,  6.4872249e+000
  4.7565286e+000,  8.5926865e+000
  4.9976289e+000,  5.9952608e+000
  4.9640354e+000,  7.1646285e+000
  5.2984811e+000,  9.2680605e+000
  4.7649023e+000,  7.0555666e+000
  5.7293300e+000,  4.2097147e+000
  6.2848092e+000,  4.4917969e+000
  5.1895084e+000,  7.8432862e+000
  4.8471065e+000,  5.7338966e+000
 -8.4072297e+000,  8.8046494e+000
  7.7807147e+000, -4.4732203e+000
 -8.9493819e+000,  8.2656331e+000
  7.3854548e+000, -5.0947015e+000
 -1.0313068e+001,  8.7148898e+000
  6.7075421e+000, -4.8774905e+000
 -9.7606088e+000,  6.9752962e+000
  7.9079065e+000, -4.1315226e+000
 -9.5668270e+000,  7.2563359e+000
  8.8496851e+000, -6.7624317e+000
  4.7788986e+000,  6.4006165e+000
  4.8342238e+000,  8.8442876e+000
  4.2087758e+000,  7.3224561e+000
  5.1575396e+000,  6.8414074e+000
  5.0316477e+000,  6.6807267e+000
  4.5418064e+000,  5.4286233e+000
  4.9564459e+000,  6.7591405e+000
  3.8588519e+000,  8.5535293e+000
  5.0399346e+000,  8.2415608e+000
  5.1644087e+000,  7.6840640e+000
 -8.4417995e+000,  7.6827382e+000
  8.1392148e+000, -5.4706200e+000
 -8.5471484e+000,  7.9926890e+000
  8.0333330e+000, -6.2441530e+000
 -9.1324215e+000,  8.4042053e+000
  6.7022254e+000, -6.3019904e+000
 -8.3243713e+000,  7.0811197e+000
  6.5709908e+000, -6.1512396e+000
 -1.0371887e+001,  7.5693905e+000
  8.5292590e+000, -5.1863244e+000
  5.7999013e+000,  7.9373304e+000
  5.6999688e+000,  5.6507732e+000
  5.4261191e+000,  6.4394894e+000
  5.0112265e+000,  7.5855550e+000
  5.1334833e+000,  6.0428918e+000
  4.3659172e+000,  5.2151049e+000
  4.5991011e+000,  4.3780681e+000
  4.6764758e+000,  3.9171078e+000
  4.5496010e+000,  8.5724287e+000
  5.0074576e+000,  6.4395620e+000
 -9.2270090e+000,  7.5438010e+000
  7.8240475e+000, -4.5908247e+000
 -8.7600240e+000,  8.3363811e+000
  6.4533400e+000, -4.3005570e+000
 -8.3215619e+000,  8.0931864e+000
  7.7866264e+000, -6.9406669e+000
 -1.0392696e+001,  8.3374473e+000
  6.6613030e+000, -5.4997874e+000
 -7.8437445e+000,  8.2576333e+000
  8.6276686e+000, -6.8706909e+000
  5.1514559e+000,  6.9334396e+000
  5.1382461e+000,  6.9162709e+000
  5.4655543e+000,  6.0277152e+000
  5.9127198e+000,  5.8943945e+000
  5.2384771e+000,  6.7908817e+000
  5.1643762e+000,  5.7907478e+000
  5.3118277e+000,  5.8676024e+000
  5.1845724e+000,  8.4161062e+000
  4.3687156e+000,  6.7553618e+000
  5.5068284e+000,  4.4437040e+000
 -8.9597898e+000,  8.1289854e+000
  7.8397062e+000, -4.9525513e+000
 -7.9687007e+000,  8.0798964e+000
  7.0603489e+000, -6.5073766e+000
 -8.5956008e+000,  9.0680939e+000
  8.0379638e+000, -6.0875899e+000
 -9.4923442e+000,  8.0787306e+000
  6.6973254e+000, -5.7359970e+000
 -9.5711746e+000,  7.4026182e+000
  6.9365199e+000, -6.4594486e+000
  4.2417287e+000,  8.4589361e+000
  5.5502766e+000,  7.3154178e+000
  5.3799062e+000,  8.8649446e+000
  4.4990301e+000,  4.8412058e+000
  4.3968153e+000,  1.0013083e+001
  4.3555466e+000,  9.0545678e+000
  5.0047075e+000,  8.7305156e+000
  5.3013334e+000,  7.2894332e+000
  4.5098320e+000,  7.4312693e+000
  5.0907583e+000,  7.6884043e+000
 -9.0797554e+000,  9.7029710e+000
  7.7190022e+000, -5.0619268e+000
 -1.0194115e+001,  9.0198539e+000
  6.4090219e+000, -4.9758477e+000
 -8.1781393e+000,  7.4719342e+000
  6.8268687e+000, -5.9697111e+000
 -8.6033312e+000,  8.5695197e+000
  6.8141138e+000, -4.7523682e+000
 -1.0164167e+001,  9.3156022e+000
  8.7095223e+000, -5.9490904e+000
  7.6352611e+000,  3.8833404e+000
  6.2778447e+000,  5.1574068e+000
  5.4861266e+000,  4.6884919e+000
  1.0302659e+001,  4.6683068e+000
  9.6830325e+000,  3.7934224e+000
  9.3391097e+000,  4.7851846e+000
  6.5950930e+000,  5.0827011e+000
  7.5804112e+000,  4.9513831e+000
  6.6653694e+000,  4.7124912e+000
  8.1049657e+000,  4.4239451e+000
 -9.5094055e+000,  7.2585831e+000
  8.2019345e+000, -6.9525186e+000
 -8.7265017e+000,  9.9011618e+000
  8.0414134e+000, -4.8941744e+000
 -9.7624022e+000,  8.1399068e+000
  7.8075851e+000, -6.5634415e+000
 -7.8511104e+000,  9.4238974e+000
  7.4543075e+000, -6.8449609e+000
 -7.8461276e+000,  8.2801842e+000
  8.4542026e+000, -4.5335091e+000
  1.0877987e+001,  4.6640372e+000
  7.4097973e+000,  6.5707721e+000
  4.8809336e+000,  4.6098030e+000
  1.1516246e+001,  5.3161730e+000
  8.0394771e+000,  5.2757721e+000
  7.2555724e+000,  5.0617955e+000
  4.8232484e+000,  4.9093355e+000
  8.5831173e+000,  4.9404202e+000
  7.7943102e+000,  4.2268535e+000
  7.0745893e+000,  5.6542413e+000
 -9.2102672e+000,  7.6555543e+000
  9.0440877e+000, -6.6969520e+000
 -1.0041814e+001,  8.3504998e+000
  8.6973159e+000, -4.4741623e+000
 -8.5462009e+000,  9.1793540e+000
  7.3591030e+000, -6.9752669e+000
 -8.5303076e+000,  7.8786884e+000
  7.4749962e+000, -7.1789507e+000
 -7.7105571e+000,  8.3727850e+000
  7.6730228e+000, -7.2259723e+000
  6.3094334e+000,  3.7823949e+000
  6.8534899e+000,  4.9205545e+000
  7.0836722e+000,  6.1994018e+000
  3.2160413e+000,  4.2023326e+000
  6.2737662e+000,  4.3635445e+000
  4.2958360e+000,  4.4061270e+000
  7.9594189e+000,  4.7074945e+000
  5.6499953e+000,  4.8728554e+000
  7.5681182e+000,  4.6722530e+000
  7.1229969e+000,  4.7005979e+000
 -8.2908363e+000,  7.9872223e+000
  6.9735436e+000, -6.5615315e+000
 -9.0206121e+000,  9.1409923e+000
  7.4296651e+000, -5.1530512e+000
 -8.2381420e+000,  8.7523295e+000
  8.0279105e+000, -4.6441272e+000
 -9.6648544e+000,  8.0098853e+000
  7.4608066e+000, -4.5611945e+000
 -8.4291493e+000,  8.0358537e+000
  6.9029484e+000, -4.8978479e+000
  5.0661262e+000,  5.7320377e+000
  9.5976106e+000,  5.5016805e+000
  7.9894305e+000,  6.0260331e+000
  5.2555847e+000,  5.3467370e+000
  6.1265268e+000,  4.5235174e+000
  6.1979058e+000,  4.8539782e+000
  7.4462524e+000,  5.1697927e+000
  6.9395719e+000,  4.6667239e+000
  8.8931168e+000,  5.7471885e+000
  5.1639833e+000,  4.5598434e+000
 -9.1341386e+000,  7.7579078e+000
  7.3193539e+000, -6.7665778e+000
 -8.5581840e+000,  9.7444736e+000
  7.5590095e+000, -6.9732956e+000
 -8.7438573e+000,  9.8942798e+000
  8.5902724e+000, -6.4457814e+000
 -8.7444147e+000,  9.9675660e+000
  7.6922870e+000, -4.6791920e+000
 -9.5314637e+000,  9.8296908e+000
  7.1860100e+000, -5.0935228e+000
  8.5908119e+000,  4.9834247e+000
  6.6254336e+000,  4.1291435e+000
  5.2761520e+000,  4.6740744e+000
  7.3133845e+000,  3.9279881e+000
  7.3976412e+000,  5.0853647e+000
  7.6201403e+000,  4.7890744e+000
  7.4828284e+000,  4.9599829e+000
  7.7362613e+000,  4.6483978e+000
  7.1962928e+000,  4.8482224e+000
  7.5930819e+000,  5.3413672e+000
 -9.2089453e+000,  9.4314841e+000
  8.4382319e+000, -6.5576414e+000
 -9.4168262e+000,  9.8868361e+000
  6.4690203e+000, -6.2063697e+000
 -8.0320950e+000,  8.4781423e+000
  6.9612755e+000, -6.8147448e+000
 -8.7144561e+000,  7.6416880e+000
  8.0532698e+000, -4.7294018e+000
 -7.4751950e+000,  9.8076914e+000
  8.4535737e+000, -5.9775585e+000
  9.4600807e+000,  5.2754482e+000
  8.4042530e+000,  4.0801112e+000
  5.5284205e+000,  4.2867885e+000
  5.0952142e+000,  5.0555607e+000
  5.6504233e+000,  4.6762411e+000
  7.0951192e+000,  5.2714538e+000
  7.2834319e+000,  5.8428035e+000
  8.3916032e+000,  4.9952173e+000
  7.9981585e+000,  4.1903151e+000
  9.2418820e+000,  4.8423874e+000
 -9.9282586e+000,  9.0896208e+000
  7.9925503e+000, -5.5272224e+000
 -8.1633734e+000,  1.0138002e+001
  8.6274357e+000, -6.8580998e+000
 -7.6473626e+000,  9.0904888e+000
  7.2215171e+000, -6.9930494e+000
 -8.8217685e+000,  9.3072189e+000
  7.1751750e+000, -7.4988370e+000
 -8.1127701e+000,  8.2560931e+000
  7.9985880e+000, -7.1881273e+000
  5.8492631e+000,  4.3067777e+000
  6.5311308e+000,  6.2944416e+000
  5.0123097e+000,  4.7485465e+000
  5.6034652e+000,  5.8081343e+000
  8.2622001e+000,  5.3475664e+000
  7.0754368e+000,  4.8625782e+000
  1.0233028e+001,  2.9903543e+000
  7.8058304e+000,  4.1683718e+000
  7.2621844e+000,  5.7770293e+000
  6.7602335e+000,  3.9340099e+000
 -8.5993505e+000,  7.5590619e+000
  7.6961250e+000, -5.3050168e+000
 -7.4614340e+000,  1.0102535e+001
  8.0060381e+000, -5.9781688e+000
 -7.8018850e+000,  9.9898176e+000
  8.0119009e+000, -6.9091856e+000
 -9.2984060e+000,  8.1677494e+000
  8.0326515e+000, -5.5395264e+000
 -8.4111472e+000,  8.9325632e+000
  7.0312909e+000, -6.4811319e+000
  9.3361975e+000,  5.4108477e+000
  8.4225725e+000,  4.7096752e+000
  6.0218105e+000,  5.0481186e+000
  7.0238718e+000,  4.6024309e+000
  8.0752210e+000,  5.4668505e+000
  7.0676220e+000,  4.3742884e+000
  8.1251856e+000,  4.7790158e+000
  6.3972448e+000,  5.0675434e+000
  6.8786096e+000,  6.1182736e+000
  8.1829768e+000,  5.7678537e+000
 -8.9310313e+000,  8.8733518e+000
  7.9751367e+000, -5.5562966e+000
 -8.2635915e+000,  8.7297460e+000
  6.8795289e+000, -6.1769193e+000
 -7.6342228e+000,  9.1192099e+000
  8.4599501e+000, -5.4621432e+000
 -7.3222835e+000,  9.9842326e+000
  8.3271182e+000, -5.2225956e+000
 -9.3776730e+000,  9.7185917e+000
  6.3928958e+000, -6.4634446e+000
  7.4825724e+000,  5.0083303e+000
  6.5689683e+000,  5.6581727e+000
  8.0567255e+000,  3.7735060e+000
  7.9809029e+000,  3.7052455e+000
  7.2614993e+000,  6.1920117e+000
  4.1338976e+000,  4.7591234e+000
  7.0723176e+000,  4.3399533e+000
  7.0288873e+000,  6.2600472e+000
  5.7233525e+000,  4.3994460e+000
  8.1690682e+000,  5.7216946e+000
 -7.7905855e+000,  9.4469341e+000
  6.1594506e+000, -5.2234827e+000
 -8.9427697e+000,  8.7856637e+000
  6.7782707e+000, -6.3116077e+000
 -7.2035773e+000,  7.9790437e+000
  7.0146259e+000, -5.7034556e+000
 -9.5438882e+000,  9.6766882e+000
  6.9430236e+000, -7.5188917e+000
 -8.4536901e+000,  9.9041923e+000
  8.2644900e+000, -5.3873791e+000
  3.6292144e+000,  4.5996885e+000
  6.7516247e+000,  5.4664909e+000
  8.0473833e+000,  4.7860889e+000
  7.7378455e+000,  4.7930985e+000
  8.8601163e+000,  5.0159183e+000
  7.3621420e+000,  4.8110972e+000
  4.5734653e+000,  4.8168749e+000
  7.3828406e+000,  4.8583268e+000
  6.1941049e+000,  4.3652768e+000
  6.9515830e+000,  4.2678153e+000
 -9.9026454e+000,  8.9454105e+000
  7.5118058e+000, -6.4089172e+000
 -8.6001122e+000,  8.5656261e+000
  7.9515553e+000, -6.4579200e+000
 -7.6213215e+000,  8.5067406e+000
  7.9258621e+000, -6.0847809e+000
 -8.0209163e+000,  7.8566267e+000
  7.0407887e+000, -6.3985513e+000
 -8.8162974e+000,  9.8667413e+000
  7.1815701e+000, -7.3485972e+000
  6.8099195e+000,  4.8549853e+000
  3.8705125e+000,  5.3900779e+000
  7.4489055e+000,  3.9800703e+000
  8.9692400e+000,  5.9025700e+000
  8.0387559e+000,  5.9756244e+000
  5.4201878e+000,  5.1066519e+000
  8.4930545e+000,  5.8069160e+000
  8.5821244e+000,  5.5833511e+000
  6.4373587e+000,  4.2886027e+000
  7.3675852e+000,  4.4973645e+000
 -9.6823955e+000,  8.0934202e+000
  7.9281598e+000, -5.5785783e+000
 -9.2540232e+000,  9.0306380e+000
  6.7339001e+000, -6.8903953e+000
 -7.6874136e+000,  9.1096091e+000
  6.0552247e+000, -5.8180004e+000
 -7.8327862e+000,  8.2195954e+000
  6.4046698e+000, -7.4605888e+000
 -7.2823126e+000,  1.0147591e+001
  8.5636568e+000, -5.3262781e+000
  7.0093897e+000,  5.0852546e+000
  6.2033863e+000,  3.9617915e+000
  6.9140275e+000,  5.2822928e+000
  8.0401729e+000,  4.2264911e+000
  7.9951172e+000,  5.7997505e+000
  5.8905622e+000,  6.0112372e+000
  6.9214824e+000,  4.8072069e+000
  5.2188851e+000,  5.3647563e+000
  7.4867597e+000,  4.4958369e+000
  5.6035714e+000,  4.0247484e+000
 -7.4154412e+000,  7.8494905e+000
  7.9533740e+000, -6.5898452e+000
 -7.4987752e+000,  9.5780422e+000
  7.6805783e+000, -7.3087623e+000
 -7.9250448e+000,  8.8267418e+000
  7.6445234e+000, -6.1462683e+000
 -8.6511792e+000,  9.7984535e+000
  6.1534945e+000, -6.9700402e+000
 -9.0043606e+000,  9.9761980e+000
  7.0013122e+000, -6.5063830e+000
  7.9509621e+000,  5.1311040e+000
  8.2898859e+000,  4.2052715e+000
  8.7326286e+000,  5.1880805e+000
  5.5079545e+000,  4.4884843e+000
  6.7967189e+000,  5.4685952e+000
  7.0741913e+000,  5.1045578e+000
  9.1387880e+000,  5.6029238e+000
  6.0514183e+000,  5.0626322e+000
  8.2017345e+000,  4.8405791e+000
  6.1566084e+000,  4.4674906e+000
 -9.0539504e+000,  8.4592464e+000
  8.6033532e+000, -6.4161497e+000
 -7.3688143e+000,  9.7353318e+000
  6.5209220e+000, -6.5872098e+000
 -8.5433372e+000,  9.1565206e+000
  8.2496143e+000, -5.6529688e+000
 -7.0095510e+000,  8.5157864e+000
  8.4616258e+000, -7.4139555e+000
 -8.8340718e+000,  1.0694228e+001
  7.2501592e+000, -5.4313660e+000
  5.2541884e+000,  4.2670119e+000
  6.5653922e+000,  4.7739494e+000
  6.3745092e+000,  4.8762336e+000
  1.0178914e+001,  5.7456836e+000
  4.4146551e+000,  3.9188571e+000
  8.9047515e+000,  5.5010912e+000
  8.4304421e+000,  4.7082767e+000
  8.0193328e+000,  4.6790184e+000
  7.1791224e+000,  6.6729512e+000
  6.2525258e+000,  5.7211779e+000
 -7.5233421e+000,  8.4172447e+000
  7.2777775e+000, -6.9021290e+000
 -7.1650838e+000,  9.6213213e+000
  6.2125186e+000, -5.7836689e+000
 -9.3595990e+000,  1.0515461e+001
  8.0411977e+000, -6.9081466e+000
 -9.2282806e+000,  1.0003454e+001
  6.0466258e+000, -5.2888071e+000
 -8.4724764e+000,  9.7652260e+000
  6.7403045e+000, -6.7286590e+000
  1.0742267e+001,  5.6343370e+000
  7.3690315e+000,  5.0486733e+000
  8.0724779e+000,  4.4936677e+000
  7.9428963e+000,  4.9484410e+000
  4.8845304e+000,  4.2245254e+000
  6.1042856e+000,  5.1320842e+000
  5.7391417e+000,  5.1007366e+000
  7.9155639e+000,  4.5407192e+000
  8.3105730e+000,  5.9022573e+000
  7.1823727e+000,  5.1316318e+000
 -9.6069240e+000,  8.9332230e+000
  7.6763863e+000, -7.9324999e+000
 -8.4051461e+000,  8.5704287e+000
  6.0154053e+000, -7.9230526e+000
 -9.1127949e+000,  9.4057441e+000
  5.9695709e+000, -5.6317166e+000
 -9.1948860e+000,  8.2171408e+000
  7.8063573e+000, -5.2821123e+000
 -7.6729619e+000,  8.9420998e+000
  7.4184866e+000, -5.7886853e+000
  5.7548930e+000,  5.5171938e+000
  8.7139341e+000,  5.2222174e+000
  8.8153798e+000,  4.4295642e+000
  7.7608984e+000,  5.2139163e+000
  8.1177885e+000,  5.3273053e+000
  6.5930420e+000,  5.6335893e+000
  7.2487646e+000,  4.2280714e+000
  3.7153963e+000,  3.8616451e+000
  9.8001805e+000,  5.2713420e+000
  6.6750499e+000,  5.4570731e+000
 -8.5095988e+000,  9.0911696e+000
  6.1817878e+000, -7.3636996e+000
 -8.3879023e+000,  1.0752097e+001
  7.9941001e+000, -6.1533040e+000
 -8.7798482e+000,  1.0068339e+001
  8.0936640e+000, -6.6952538e+000
 -9.5261717e+000,  8.7494851e+000
  6.1388103e+000, -7.8707882e+000
 -8.1363801e+000,  9.7513927e+000
  8.1105425e+000, -5.3955590e+000
  8.0260587e+000,  4.6990450e+000
  7.4707150e+000,  5.5100154e+000
  5.9430127e+000,  4.8445306e+000
  5.5093126e+000,  6.3346684e+000
  6.1737111e+000,  5.4925101e+000
  5.7335946e+000,  4.9427091e+000
  7.2898988e+000,  4.2383227e+000
  7.3370586e+000,  5.5774670e+000
  8.3848236e+000,  4.1295757e+000
  4.0287068e+000,  4.4571066e+000
 -9.0453414e+000,  1.0881379e+001
  7.9618524e+000, -6.4515099e+000
 -7.1801179e+000,  9.3546078e+000
  6.4279792e+000, -6.0257914e+000
 -7.7125503e+000,  9.1922560e+000
  8.2404008e+000, -7.2910148e+000
 -6.9913323e+000,  8.8213724e+000
  6.1829918e+000, -5.9288145e+000
 -7.5161089e+000,  1.0033292e+001
  7.5061323e+000, -6.2841766e+000
  8.4034954e+000,  4.2521927e+000
  5.0462149e+000,  4.2289062e+000
  4.3973475e+000,  5.3479866e+000
  9.4493187e+000,  5.8978280e+000
  7.6019428e+000,  4.5182270e+000
  8.9011753e+000,  4.8285381e+000
  7.3655007e+000,  5.0738245e+000
  6.7183961e+000,  4.7273625e+000
  8.7724970e+000,  4.9554825e+000
  7.6062245e+000,  5.2799587e+000
 -8.1033158e+000,  8.9661183e+000
  7.1039063e+000, -6.7836455e+000
 -7.2029083e+000,  9.1028652e+000
  7.5862404e+000, -6.7536918e+000
 -9.3646645e+000,  1.0678687e+001
  5.8222004e+000, -7.7606829e+000
 -9.1386624e+000,  9.9215007e+000
  7.3977730e+000, -5.6063280e+000
 -7.7604412e+000,  1.0052854e+001
  6.9402582e+000, -5.7606473e+000
  6.9364573e+000,  5.2353869e+000
  6.7543167e+000,  6.4251513e+000
  4.0483339e+000,  5.4567984e+000
  8.6191326e+000,  5.1527016e+000
  7.3577829e+000,  5.2010486e+000
  7.4811937e+000,  6.1757073e+000
  4.4673316e+000,  5.1129149e+000
  2.6929064e+000,  4.5847572e+000
  7.1327902e+000,  5.3585141e+000
  5.9693274e+000,  4.6896551e+000
 -7.8577868e+000,  1.0015296e+001
  7.0668623e+000, -7.7066290e+000
 -8.5774899e+000,  8.3192038e+000
  5.7254894e+000, -7.6965175e+000
 -9.1914390e+000,  1.0157011e+001
  7.0801460e+000, -6.1756038e+000
 -6.9826840e+000,  8.3082724e+000
  6.1728712e+000, -7.9846815e+000
 -7.4770374e+000,  1.0301214e+001
  8.3192724e+000, -8.0161680e+000
  5.8580801e+000,  4.8982561e+000
  5.0705861e+000,  5.1842155e+000
  7.5390247e+000,  5.2213793e+000
  6.0269276e+000,  4.3936617e+000
  4.6407979e+000,  5.9340532e+000
  6.4233439e+000,  5.6612309e+000
  9.7807300e+000,  5.5811354e+000
  7.7856398e+000,  5.3642191e+000
  6.3796814e+000,  4.9302946e+000
  7.2766208e+000,  6.1173298e+000
 -8.6310608e+000,  8.3223857e+000
  5.9611627e+000, -6.9520404e+000
 -9.2488105e+000,  1.0882903e+001
  6.7332450e+000, -7.3577447e+000
 -8.9892816e+000,  9.4949800e+000
  7.4054008e+000, -6.4498541e+000
 -8.3481509e+000,  1.0115618e+001
  8.0233258e+000, -7.9382314e+000
 -8.8166000e+000,  9.8602883e+000
  8.1272916e+000, -6.3355614e+000
 -9.1416007e+000,  8.9179958e+000
  7.3369908e+000, -6.6869630e+000
 -8.1732357e+000,  8.5333240e+000
  7.4751270e+000, -5.9368889e+000
 -9.1068627e+000,  1.0096893e+001
  6.0238464e+000, -6.2448359e+000
 -8.1360685e+000,  1.0662697e+001
  6.6507488e+000, -6.0675937e+000
 -7.7662346e+000,  9.4422588e+000
  6.5779091e+000, -5.5778539e+000
 -8.8210587e+000,  1.1010007e+001
  5.7252005e+000, -6.9810916e+000
 -8.7110260e+000,  9.0889465e+000
  7.2363160e+000, -5.8199321e+000
 -8.0117134e+000,  1.0482855e+001
  6.1995192e+000, -7.7792865e+000
 -9.1943235e+000,  1.0805966e+001
  6.5763230e+000, -7.8447059e+000
 -7.1890340e+000,  8.9102517e+000
  5.4339085e+000, -7.0380154e+000
 -7.9018654e+000,  9.1730742e+000
  7.8713184e+000, -7.3785099e+000
 -7.1649524e+000,  9.9509152e+000
  6.9937864e+000, -8.2438119e+000
 -7.8075509e+000,  8.4814704e+000
  7.9182218e+000, -5.7048707e+000
 -7.6555125e+000,  1.0545316e+001
  5.4829594e+000, -6.9120943e+000
 -7.5318033e+000,  8.9110041e+000
  6.1781714e+000, -6.2850518e+000
 -7.8577265e+000,  9.9960536e+000
  6.7458596e+000, -7.0172844e+000
 -8.1749138e+000,  1.0402077e+001
  7.9634737e+000, -6.6994475e+000
 -7.9992530e+000,  1.0844662e+001
  5.8039393e+000, -7.7657110e+000
 -8.7367766e+000,  8.5567526e+000
  6.0474625e+000, -5.7712535e+000
 -8.1408409e+000,  9.3068860e+000
  7.7207927e+000, -7.1182199e+000
 -6.7303049e+000,  9.7338790e+000
  6.6482210e+000, -8.0645306e+000
 -6.5474872e+000,  1.1235799e+001
  6.4569969e+000, -6.2763595e+000
 -6.6760003e+000,  1.0495584e+001
  6.4965157e+000, -8.4373897e+000
 -6.5584016e+000,  1.0557410e+001
  7.9828385e+000, -6.9583343e+000
 -8.2403915e+000,  9.5138475e+000
  5.8914997e+000, -5.8878884e+000
 -8.1993967e+000,  1.1191837e+001
  7.9556576e+000, -6.9209510e+000
 -8.0278897e+000,  1.0225116e+001
  5.7023191e+000, -8.0557689e+000
 -7.6402144e+000,  1.0897794e+001
  7.6381240e+000, -5.9356686e+000
 -7.5788974e+000,  8.9498524e+000
  5.4004966e+000, -7.8870281e+000
 -7.1647845e+000,  1.0457478e+001
  5.8348206e+000, -7.1412227e+000
 -8.7225668e+000,  9.7449279e+000
  5.6767570e+000, -8.1666919e+000
 -8.4601196e+000,  1.0263674e+001
  6.4543473e+000, -6.3499681e+000
 -9.0424996e+000,  1.1270319e+001
  6.4350762e+000, -6.7318672e+000
 -8.5767014e+000,  9.5433724e+000
  6.9692316e+000, -7.5742642e+000
 -8.1169628e+000,  1.0662421e+001
  7.6844083e+000, -6.4090111e+000
 -7.0777317e+000,  1.1038965e+001
  6.2717856e+000, -7.2971602e+000
 -6.7450960e+000,  9.1878052e+000
  7.2734214e+000, -8.2345066e+000
 -9.0332141e+000,  1.0708081e+001
  7.5330499e+000, -7.9952833e+000
 -6.9753577e+000,  9.6377676e+000
  7.7030073e+000, -7.2794079e+000
 -6.9758723e+000,  1.0353690e+001
  7.0471998e+000, -6.7113927e+000
 -7.6994300e+000,  1.1223150e+001
  6.3757232e+000, -6.9011730e+000
 -7.6448930e+000,  9.9052235e+000
  7.2863671e+000, -7.7692766e+000
 -9.0624071e+000,  9.9657291e+000
  5.8271487e+000, -7.7363121e+000
 -6.8093919e+000,  9.1554084e+000
  5.6882328e+000, -6.0512546e+000
 -8.5572597e+000,  1.0348341e+001
  6.7738998e+000, -7.3084363e+000
 -6.3237277e+000,  1.0458203e+001
  6.8538279e+000, -6.7399051e+000
 -7.1692574e+000,  1.0924792e+001
  6.1135264e+000, -6.7824421e+000
 -8.2517375e+000,  1.0618055e+001
  5.2138317e+000, -7.1558076e+000
 -8.0228661e+000,  1.1165779e+001
  6.7059962e+000, -6.0586881e+000
 -6.5082182e+000,  1.0021541e+001
  7.8539983e+000, -7.7124949e+000
 -8.4176842e+000,  9.5131869e+000
  5.9048961e+000, -7.2951023e+000
 -8.2272521e+000,  1.0316246e+001
  5.1261454e+000, -6.3136289e+000
 -7.2070620e+000,  9.8897085e+000
  6.2405445e+000, -7.8317373e+000
 -6.7874682e+000,  1.1448591e+001
  5.9750405e+000, -5.9568558e+000
 -7.4361902e+000,  1.1181254e+001
  7.4259287e+000, -5.9902280e+000
 -8.6705958e+000,  1.0828212e+001
  7.5212794e+000, -6.7093224e+000
 -8.6710345e+000,  8.8925711e+000
  5.1354424e+000, -6.6443031e+000
 -7.3191193e+000,  1.0906449e+001
  5.4661520e+000, -8.5437891e+000
 -7.9916908e+000,  1.0168321e+001
  7.7680619e+000, -8.6099031e+000
 -7.1620448e+000,  1.0861757e+001
  7.2078504e+000, -8.0177559e+000
 -7.4962623e+000,  9.3844692e+000
  6.3525665e+000, -8.4488392e+000
 -7.8037854e+000,  9.8755458e+000
  6.3317167e+000, -5.9740077e+000
 -6.4635787e+000,  1.0976965e+001
  7.6523066e+000, -8.3620621e+000
 -6.3775457e+000,  9.0192261e+000
  7.6035671e+000, -7.7813103e+000
 -7.4243709e+000,  9.2560635e+000
  6.2048561e+000, -6.7612357e+000
 -7.2848620e+000,  1.0544939e+001
  7.5424690e+000, -6.6282137e+000
 -6.6679193e+000,  1.0834366e+001
  6.0022382e+000, -7.2767761e+000
 -6.9312508e+000,  1.0506714e+001
  6.1604291e+000, -8.3649719e+000
 -8.0966985e+000,  1.0081825e+001
  6.9236962e+000, -6.2076331e+000
 -6.7176973e+000,  1.1195780e+001
  5.5162713e+000, -8.4572307e+000
 -6.7171954e+000,  9.9620242e+000
  7.0050218e+000, -7.8234486e+000
 -8.8080776e+000,  1.0287954e+001
  5.4674797e+000, -8.4060590e+000
 -8.7446034e+000,  9.2221437e+000
  7.5706301e+000, -8.3264193e+000
 -8.6861001e+000,  8.9500376e+000
  6.2053910e+000, -6.7859123e+000
 -8.5287558e+000,  1.0528555e+001
  5.0684613e+000, -6.2749040e+000
 -7.1932603e+000,  9.9944621e+000
  7.4325044e+000, -8.3021632e+000
 -8.3834973e+000,  1.0784977e+001
  5.2652747e+000, -8.5287137e+000
 -7.4125978e+000,  1.1170247e+001
  7.0017255e+000, -6.5807209e+000
 -6.2017864e+000,  9.4167884e+000
  6.0925115e+000, -8.3633373e+000
 -8.8129109e+000,  9.2970994e+000
  7.4079093e+000, -7.0226632e+000
 -6.9972620e+000,  1.0070944e+001
  4.9124004e+000, -6.9939808e+000
 -8.7367524e+000,  9.1283039e+000
  7.0604343e+000, -6.9287545e+000
 -6.4016456e+000,  1.0364064e+001
  6.9644371e+000, -6.7724199e+000
 -7.0665353e+000,  9.1906010e+000
  7.5558585e+000, -8.1533229e+000
 -7.8431992e+000,  1.0013824e+001
  6.1887384e+000, -7.4002835e+000
 -7.7321484e+000,  8.9431138e+000
  7.3335253e+000, -6.1501343e+000
 -7.0121502e+000,  9.5695502e+000
  7.4127156e+000, -7.6970339e+000
 -7.2078558e+000,  1.0096318e+001
  6.3147777e+000, -6.1096589e+000
 -7.8344336e+000,  1.0603339e+001
  4.7607581e+000, -8.3615892e+000
 -8.5963100e+000,  1.0417698e+001
  5.3367286e+000, -7.4051100e+000
 -6.3474962e+000,  9.9703637e+000
  7.1949140e+000, -7.3401431e+000
 -6.3211422e+000,  1.0824841e+001
  5.0640591e+000, -7.4337955e+000
 -8.7072966e+000,  8.8800977e+000
  5.4445028e+000, -8.5516174e+000
 -7.4499756e+000,  1.0131359e+001
  4.7651699e+000, -6.7049583e+000
 -6.3999890e+000,  1.0172313e+001
  5.2553971e+000, -7.7521200e+000
 -7.4114580e+000,  8.8898880e+000
  6.0627101e+000, -8.6412465e+000
 -7.2178557e+000,  9.3912886e+000
  5.5843587e+000, -7.1688470e+000
 -7.3234376e+000,  1.1396164e+001
  6.7024007e+000, -8.0213219e+000
 -6.4193311e+000,  1.0651744e+001
  6.3308248e+000, -8.5890036e+000
 -6.3412438e+000,  1.0845253e+001
  5.2962814e+000, -7.7255132e+000
 -6.4856768e+000,  1.0612372e+001
  5.0243169e+000, -6.2688927e+000
 -8.2327590e+000,  1.0940601e+001
  4.9686904e+000, -6.6063877e+000
 -6.9162624e+000,  9.9812327e+000
  5.3095888e+000, -7.5838952e+000
 -7.0763400e+000,  1.0075551e+001
  6.0235116e+000, -7.5056467e+000
 -7.4703975e+000,  1.1445147e+001
  7.3826372e+000, -8.7347020e+000
 -8.5471220e+000,  1.0690408e+001
  4.8376923e+000, -8.0948189e+000
 -8.0871752e+000,  9.3960169e+000
  5.0950037e+000, -6.2902423e+000
 -6.0292770e+000,  1.0824973e+001
  7.2284401e+000, -7.4018209e+000
 -7.7962741e+000,  1.0332572e+001
  5.6042249e+000, -7.6916034e+000
 -5.9725416e+000,  9.0973224e+000
  6.2772315e+000, -6.3176849e+000
 -7.5396031e+000,  9.7500021e+000
  5.9283050e+000, -8.0463242e+000
 -7.5685467e+000,  9.4855486e+000
  5.6358839e+000, -7.9486998e+000
 -6.8590554e+000,  1.0848017e+001
  5.5270424e+000, -6.1862847e+000
 -8.3069348e+000,  9.3513421e+000
  7.0574456e+000, -6.7022249e+000
 -7.1151004e+000,  9.6512766e+000
  6.0740847e+000, -8.7452905e+000
 -8.3549569e+000,  9.6851717e+000
  4.5770731e+000, -7.4382018e+000
 -8.4253882e+000,  9.9552311e+000
  6.8863863e+000, -6.7713264e+000
 -8.0503850e+000,  9.0235404e+000
  4.5969616e+000, -6.3111032e+000
 -6.6845560e+000,  9.2278874e+000
  7.0077394e+000, -8.8283656e+000
 -8.2888778e+000,  1.0421045e+001
  5.6709736e+000, -7.7862099e+000
 -8.4236760e+000,  1.0072140e+001
  5.8374031e+000, -7.9442254e+000
 -6.3453575e+000,  1.0500946e+001
  5.8390116e+000, -8.9509408e+000
 -6.0022718e+000,  1.1450656e+001
  6.8425042e+000, -8.2512595e+000
 -6.1622099e+000,  1.0165264e+001
  6.8305586e+000, -8.6808711e+000
 -6.1719702e+000,  1.1580645e+001
  6.4980905e+000, -8.6340683e+000
 -6.0260237e+000,  9.4208980e+000
  5.5929636e+000, -8.0654424e+000
 -7.0239367e+000,  1.0582533e+001
  5.7799333e+000, -8.6377782e+000
 -8.0338232e+000,  9.3300640e+000
  5.7323480e+000, -6.5627137e+000
 -5.7738094e+000,  1.0865156e+001
  5.4819719e+000, -6.8283118e+000
 -7.9887030e+000,  1.0363557e+001
  7.0766402e+000, -7.7615964e+000
 -6.6215988e+000,  1.0368165e+001
  5.2968166e+000, -7.1394603e+000
 -7.3849630e+000,  9.2106200e+000
  5.2726583e+000, -8.4887632e+000
 -6.4723784e+000,  9.0140255e+000
  6.6734306e+000, -8.2698084e+000
 -5.7925282e+000,  9.2119831e+000
  4.8544608e+000, -6.9506705e+000
 -7.9221281e+000,  1.1360924e+001
  6.9557317e+000, -8.4872103e+000
 -7.9290004e+000,  1.0855942e+001
  4.4926898e+000, -7.9877774e+000
 -7.6207701e+000,  9.2226963e+000
  6.8557720e+000, -7.4479498e+000
 -6.4932069e+000,  1.0222414e+001
  7.1390636e+000, -7.1723585e+000
 -8.2694556e+000,  9.5293184e+000
  6.9356544e+000, -7.7517369e+000
 -7.2489434e+000,  1.0181188e+001
  5.0435695e+000, -6.6630333e+000
 -5.8118693e+000,  9.6283858e+000
  4.7750628e+000, -7.5710754e+000
 -7.4058856e+000,  9.9210672e+000
  6.8742031e+000, -8.3285023e+000
 -6.6127503e+000,  9.7593997e+000
  4.8433786e+000, -7.7617914e+000
 -7.2459073e+000,  9.8122878e+000
  5.2231940e+000, -6.6712472e+000
 -5.7382085e+000,  1.0229135e+001
  6.2246764e+000, -8.4172719e+000
 -6.7050127e+000,  1.0085818e+001
  6.3710739e+000, -7.1719745e+000
 -7.9310249e+000,  1.1545287e+001
  4.9717577e+000, -8.1686397e+000
 -6.6295348e+000,  1.0376403e+001
  5.1497920e+000, -7.5888099e+000
 -7.4353055e+000,  1.1114235e+001
  5.7290735e+000, -8.7894087e+000
 -5.5505982e+000,  1.1764788e+001
  4.3370548e+000, -7.0954939e+000
 -7.1739524e+000,  1.0582682e+001
  5.3679101e+000, -8.8679703e+000
 -5.5039946e+000,  1.0954186e+001
  4.9500372e+000, -8.0969679e+000
 -7.2882539e+000,  1.1332589e+001
  4.4214503e+000, -6.2197042e+000
 -6.6920964e+000,  1.0304476e+001
  4.5620051e+000, -8.0511014e+000
 -6.1847761e+000,  9.8032350e+000
  6.7524208e+000, -8.7501103e+000
 -5.5831075e+000,  9.0296756e+000
  5.9626647e+000, -6.5533347e+000
 -5.9965782e+000,  1.0297121e+001
  5.0902752e+000, -8.7147443e+000
 -6.6809861e+000,  1.0885032e+001
  5.9323183e+000, -7.7695712e+000
 -6.5793756e+000,  1.0844704e+001
  5.9624827e+000, -6.5422782e+000
 -7.4354340e+000,  1.0346959e+001
  6.8252132e+000, -7.4987354e+000
 -7.6642417e+000,  1.1209221e+001
  4.3930850e+000, -6.8034752e+000
 -6.8774369e+000,  1.1496842e+001
  4.9185124e+000, -8.9667117e+000
 -7.4909304e+000,  9.7679545e+000
  6.1726327e+000, -6.6910419e+000
 -6.5098610e+000,  1.0277728e+001
  4.1499878e+000, -8.7632244e+000
 -6.4679506e+000,  1.0367230e+001
  4.8137677e+000, -8.5192203e+000
 -6.4735732e+000,  1.1414180e+001
  4.4122251e+000, -8.0320251e+000
 -6.8076976e+000,  1.0850865e+001
  5.4736446e+000, -7.0421287e+000
 -6.3631979e+000,  1.0103428e+001
  5.3302073e+000, -7.1790456e+000
 -5.7811457e+000,  9.7851478e+000
  4.3172004e+000, -8.3237055e+000
 -7.9743007e+000,  1.1247189e+001
  5.6563825e+000, -8.3816561e+000
 -6.7719170e+000,  1.0234866e+001
  4.8581046e+000, -8.8070749e+000
 -7.1486302e+000,  1.0057476e+001
  6.7863928e+000, -8.2741172e+000
 -7.5914156e+000,  1.1388776e+001
  4.9996721e+000, -6.7541040e+000
 -6.0642592e+000,  1.1227573e+001
  5.2460923e+000, -8.1727690e+000
 -7.6425175e+000,  1.1211386e+001
  4.7869335e+000, -6.2159033e+000
 -5.8203281e+000,  1.0576560e+001
  5.3848139e+000, -6.6090066e+000
 -6.3426025e+000,  9.0879482e+000
  4.2735034e+000, -6.3660649e+000
 -6.0062605e+000,  1.1218000e+001
  4.4949000e+000, -8.3719343e+000
 -6.9233966e+000,  1.1119921e+001
  5.6977401e+000, -7.4785189e+000
 -7.4613073e+000,  1.0564227e+001
  5.2301742e+000, -8.7056130e+000
 -7.9489999e+000,  9.4917556e+000
  6.5275652e+000, -8.7669465e+000
 -5.2286164e+000,  1.0166499e+001
  5.3154338e+000, -6.6751611e+000
 -7.0367617e+000,  9.6928098e+000
  6.1716327e+000, -8.4425968e+000
 -5.6402966e+000,  9.2230733e+000
  4.0402524e+000, -8.3079964e+000
 -7.6052013e+000,  9.4475751e+000
  4.1187097e+000, -8.0156060e+000
 -5.2509806e+000,  1.0178210e+001
  5.6433299e+000, -8.8919249e+000
 -6.9655259e+000,  1.0809244e+001
  5.3824438e+000, -8.3430782e+000
 -5.6332859e+000,  9.7073267e+000
  6.2085224e+000, -6.8230401e+000
 -6.7730016e+000,  9.6058360e+000
  4.5568944e+000, -6.3357955e+000
 -5.8440325e+000,  9.4660811e+000
  5.4488474e+000, -8.5165345e+000
 -5.8158040e+000,  1.0074256e+001
  6.6829568e+000, -7.3117580e+000
 -7.2615202e+000,  9.5402429e+000
  5.5354267e+000, -6.4758819e+000
 -5.3627357e+000,  9.5566126e+000
  5.4182883e+000, -6.6030460e+000
 -5.7773409e+000,  9.9086156e+000
  6.3284697e+000, -6.9208813e+000
 -5.3230004e+000,  9.5678440e+000
  4.3955741e+000, -7.9208215e+000
 -7.0676320e+000,  9.0171774e+000
  4.4423165e+000, -6.4810412e+000
 -6.1727660e+000,  1.1559078e+001
  4.7460813e+000, -7.0013019e+000
 -6.0853706e+000,  1.0321252e+001
  6.3184179e+000, -8.6004583e+000
 -7.6402825e+000,  9.5667447e+000
  4.7031494e+000, -7.6917846e+000
 -5.8555802e+000,  1.1274008e+001
  5.2190955e+000, -7.2739215e+000
 -6.6906642e+000,  1.0820909e+001
  5.8111549e+000, -8.2168318e+000
 -6.1123186e+000,  1.0924861e+001
  5.9762842e+000, -8.7514524e+000
 -5.4539473e+000,  1.0561061e+001
  6.0372462e+000, -8.2585023e+000
 -6.1103771e+000,  9.7445723e+000
  3.9352211e+000, -6.3890050e+000
 -5.6878913e+000,  9.4182318e+000
  5.3837530e+000, -6.3594546e+000
 -6.6704326e+000,  9.6091200e+000
  4.1952778e+000, -6.6742105e+000
 -6.1458296e+000,  8.9853456e+000
  4.0829976e+000, -8.0941209e+000
 -5.2395451e+000,  9.6173381e+000
  5.1284424e+000, -8.6467858e+000
 -5.5924530e+000,  9.6897190e+000
  4.0506578e+000, -8.6250747e+000
 -6.5410388e+000,  9.8587352e+000
  5.3225267e+000, -6.8214251e+000
 -7.2220784e+000,  9.3707804e+000
  5.9565783e+000, -7.5068789e+000
 -6.4440576e+000,  1.1431402e+001
  4.0705760e+000, -7.1974877e+000
 -7.3410382e+000,  1.0119561e+001
  4.9640741e+000, -6.7570499e+000
 -7.0733967e+000,  9.0964346e+000
  4.8043210e+000, -7.4326348e+000
 -7.4999865e+000,  9.6031554e+000
  5.3650435e+000, -8.2791703e+000
 -5.8168244e+000,  9.4187529e+000
  4.2466286e+000, -8.2455801e+000
 -5.1971695e+000,  9.4631781e+000
  6.2525410e+000, -6.2186399e+000
 -5.0671026e+000,  9.7674393e+000
  4.8596222e+000, -7.1694373e+000
 -6.6376316e+000,  9.5637675e+000
  4.8192605e+000, -8.8760733e+000
 -6.6743732e+000,  1.1266418e+001
  4.9834365e+000, -7.0569526e+000
 -5.5676540e+000,  9.0595429e+000
  5.3131281e+000, -6.2739074e+000
 -7.3040334e+000,  9.5364486e+000
  4.9835083e+000, -8.3853339e+000
 -6.9728295e+000,  1.1262979e+001
  3.9729923e+000, -7.0068861e+000
 -4.9353609e+000,  9.4819816e+000
  6.4195976e+000, -6.1328581e+000
 -5.6564859e+000,  1.0972955e+001
  4.8502805e+000, -6.8086023e+000
 -7.4504093e+000,  9.4688320e+000
  3.9405284e+000, -7.8378946e+000
 -5.3331337e+000,  1.0831405e+001
  4.6016345e+000, -8.3942262e+000
 -4.9444716e+000,  9.3973857e+000
  4.5792010e+000, -6.4538990e+000
 -5.8578265e+000,  1.1638155e+001
  5.8821315e+000, -7.4750726e+000
 -6.9628231e+000,  1.0604049e+001
  4.7940292e+000, -7.5846456e+000
 -6.2256625e+000,  9.7140780e+000
  5.5813968e+000, -8.4154706e+000
 -6.9317384e+000,  1.1212145e+001
  3.7279622e+000, -8.3506086e+000
 -5.2748139e+000,  1.0634138e+001
  5.3673040e+000, -6.6017668e+000
 -6.2662838e+000,  9.3918845e+000
  4.9081906e+000, -6.1853649e+000
 -5.2522381e+000,  9.2054159e+000
  3.9821964e+000, -7.8031372e+000
 -7.2687391e+000,  1.1456335e+001
  5.6223739e+000, -7.6999116e+000
 -5.7981128e+000,  1.1049541e+001
  5.1607146e+000, -8.2566980e+000
 -5.3074045e+000,  1.0240895e+001
  3.6720316e+000, -8.3864937e+000
 -6.5383514e+000,  1.0860239e+001
  4.3177521e+000, -7.4319790e+000
 -5.7923101e+000,  1.0695120e+001
  4.4625155e+000, -6.9080247e+000
 -6.3653516e+000,  9.7874948e+000
  4.6539599e+000, -8.2769440e+000
 -6.1286589e+000,  1.0444812e+001
  4.0946809e+000, -8.0430420e+000
 -7.3795906e+000,  9.0338795e+000
  6.0233361e+000, -8.2365000e+000
 -5.4268420e+000,  1.0104258e+001
  4.0384402e+000, -6.3380573e+000
 -5.9151104e+000,  1.1281554e+001
  3.4893014e+000, -6.1880219e+000
 -7.0716125e+000,  1.0954417e+001
  4.5172728e+000, -7.7484875e+000
 -5.3723084e+000,  1.1250402e+001
  4.4041847e+000, -8.2211655e+000
 -6.7160781e+000,  9.0977525e+000
  6.0375087e+000, -6.8373392e+000
 -5.6656926e+000,  9.5273848e+000
  3.7917451e+000, -7.5940154e+000
 -4.9087321e+000,  9.0045135e+000
  4.1919407e+000, -5.9999723e+000
 -6.9996917e+000,  1.1326935e+001
  4.0904483e+000, -5.9856544e+000
 -6.9704322e+000,  9.4834181e+000
  4.4957117e+000, -8.6299453e+000
 -6.8587483e+000,  1.1545543e+001
  6.0197570e+000, -6.0608260e+000
 -6.8231749e+000,  9.5632844e+000
  4.8846901e+000, -7.5328520e+000
 -7.0445480e+000,  1.0158255e+001
  4.9767710e+000, -8.0198152e+000
 -4.9952313e+000,  1.0075848e+001
  5.0578145e+000, -6.8882141e+000
 -7.2113733e+000,  8.9808420e+000
  4.5542611e+000, -7.3376150e+000
 -6.0823466e+000,  9.6368603e+000
  5.7714078e+000, -8.3350534e+000
 -6.3307369e+000,  9.1240235e+000
  6.0713900e+000, -6.9310610e+000
 -6.4013984e+000,  8.9105971e+000
  5.5166624e+000, -8.0777299e+000
 -5.7319022e+000,  9.7154934e+000
  4.2744958e+000, -8.4930693e+000
 -5.7814935e+000,  9.9838083e+000
  4.6644847e+000, -7.2533725e+000
 -7.1487283e+000,  1.0000211e+001
  4.8438020e+000, -8.4050600e+000
 -4.6800926e+000,  8.9959279e+000
  3.9396245e+000, -5.9308460e+000
 -6.7938653e+000,  1.1162650e+001
  3.5960347e+000, -6.0521590e+000
 -4.8379486e+000,  1.0575618e+001
  3.6155317e+000, -6.4554090e+000
 -4.6277247e+000,  9.6818802e+000
  3.3229181e+000, -6.9247856e+000
 -4.4715132e+000,  9.3334611e+000
  4.8626961e+000, -8.5900451e+000
 -6.0984478e+000,  1.1440637e+001
  3.5625697e+000, -7.2158514e+000
 -6.8770351e+000,  1.0147536e+001
  5.6378667e+000, -8.0223419e+000
 -5.4415071e+000,  8.7880391e+000
  3.6700613e+000, -7.0754753e+000
 -5.1189756e+000,  9.9211769e+000
  4.4359438e+000, -6.6944688e+000
 -6.0597802e+000,  9.6010159e+000
  4.3091086e+000, -6.6552817e+000
 -6.2852927e+000,  8.7186936e+000
  3.7696515e+000, -8.5815679e+000
 -5.7712592e+000,  1.1143620e+001
  4.0442632e+000, -7.8365040e+000
 -4.9066588e+000,  9.6335252e+000
  5.8906881e+000, -7.6607905e+000
 -4.8462359e+000,  8.9276367e+000
  5.7840383e+000, -7.3100947e+000
 -6.2714415e+000,  9.5330333e+000
  5.8334889e+000, -6.9275952e+000
 -6.0918687e+000,  1.0594698e+001
  3.2735317e+000, -6.6951878e+000
 -6.4392046e+000,  1.0230793e+001
  4.4800332e+000, -8.5215483e+000
 -6.0770503e+000,  9.0762165e+000
  4.8075309e+000, -8.1234728e+000
 -5.2491015e+000,  1.0776293e+001
  5.4597908e+000, -8.3717050e+000
 -7.1293263e+000,  1.0743004e+001
  3.6471467e+000, -7.7939882e+000
 -6.2427668e+000,  9.6127661e+000
  3.7840081e+000, -6.8255802e+000
 -6.0715789e+000,  1.0272673e+001
  3.3173473e+000, -6.2784931e+000
 -6.7749335e+000,  1.0081525e+001
  3.9276650e+000, -6.5956107e+000
 -4.9933818e+000,  1.1109451e+001
  3.7778782e+000, -8.0174795e+000
 -6.5200814e+000,  9.2869896e+000
  5.4018611e+000, -5.9827282e+000
 -4.9749058e+000,  9.2027236e+000
  3.4706030e+000, -6.4364094e+000
 -4.3308472e+000,  1.1084055e+001
  4.8611065e+000, -5.8654116e+000
 -4.9678454e+000,  8.9741923e+000
  4.3601383e+000, -6.1727090e+000
 -5.5362250e+000,  8.7446462e+000
  4.2913856e+000, -6.2337491e+000
 -4.8160605e+000,  9.2560731e+000
  3.2150159e+000, -7.8381790e+000
 -6.8352534e+000,  1.1051651e+001
  3.1906826e+000, -7.6376683e+000
 -6.5083873e+000,  9.0776667e+000
  5.5375341e+000, -7.5920832e+000
 -5.0664097e+000,  9.1589087e+000
  3.7216995e+000, -5.8352411e+000
 -5.4104765e+000,  1.0897598e+001
  3.6346703e+000, -7.4478393e+000
 -6.9781377e+000,  1.0043141e+001
  5.1225758e+000, -6.4420590e+000
 -5.3379563e+000,  1.0491897e+001
  4.1985392e+000, -6.2599918e+000
 -6.4074543e+000,  1.0385444e+001
  5.5591695e+000, -7.7142780e+000
 -6.7437026e+000,  1.0159358e+001
  5.3042643e+000, -6.4522929e+000
 -6.1636142e+000,  9.0529139e+000
  5.7508970e+000, -8.1908803e+000
 -6.8100314e+000,  1.0201530e+001
  3.9519769e+000, -6.2075449e+000
 -6.7648105e+000,  1.0383904e+001
  3.3327259e+000, -5.9099460e+000
 -6.0774381e+000,  8.7953629e+000
  3.3626307e+000, -6.7984750e+000
 -6.1887537e+000,  1.1126838e+001
  5.7340487e+000, -6.9228637e+000
 -6.3807113e+000,  1.0648558e+001
  4.7834346e+000, -6.3974073e+000
 -4.4269761e+000,  1.0713994e+001
  4.8506062e+000, -7.6897537e+000
 -6.5486954e+000,  1.0318183e+001
  5.5490455e+000, -6.8684532e+000
 -5.7203017e+000,  9.0281051e+000
  3.4434105e+000, -7.1678380e+000
 -6.6823060e+000,  9.1465836e+000
  5.6936498e+000, -6.6160133e+000
 -6.6040173e+000,  9.5778952e+000
  3.0661423e+000, -7.8251754e+000
 -4.4262123e+000,  9.4368825e+000
  5.3508679e+000, -7.6071374e+000
 -5.5140681e+000,  9.4697842e+000
  4.2474282e+000, -8.1925174e+000
 -4.2029868e+000,  9.7269030e+000
  5.0865816e+000, -6.6731939e+000
 -6.0312345e+000,  1.0250855e+001
  2.8709785e+000, -5.7627081e+000
 -5.7461810e+000,  8.9124956e+000
  2.9024178e+000, -6.6466062e+000
 -5.8412777e+000,  1.0434337e+001
  3.1451610e+000, -5.5347348e+000
 -4.5424516e+000,  9.9729422e+000
  5.2169561e+000, -7.9724890e+000
 -4.9796440e+000,  1.0226428e+001
  5.5013319e+000, -6.9309933e+000
 -4.0414571e+000,  9.5369798e+000
  3.0158564e+000, -7.0062784e+000
 -6.7357258e+000,  1.0052509e+001
  4.5870716e+000, -6.7094132e+000
 -6.4041976e+000,  9.8765773e+000
  5.3045586e+000, -8.0781175e+000
 -4.2404898e+000,  9.5769788e+000
  3.1806298e+000, -5.8368565e+000
 -6.3105812e+000,  1.0304419e+001
  3.1249530e+000, -5.7452488e+000
 -5.5310018e+000,  9.9128948e+000
  4.4241034e+000, -7.5398806e+000
 -6.1975922e+000,  1.0160680e+001
  4.3638845e+000, -5.4513900e+000
 -4.7205917e+000,  1.0412425e+001
  5.2137430e+000, -6.5042948e+000
 -5.0203304e+000,  1.0760824e+001
  4.8059385e+000, -8.1680948e+000
 -5.2752172e+000,  9.9838000e+000
  4.1727066e+000, -7.7148017e+000
 -5.7113273e+000,  1.0212045e+001
  4.2385882e+000, -6.0018789e+000
 -4.1774502e+000,  9.7286571e+000
  4.4455269e+000, -5.6086795e+000
 -4.8749158e+000,  1.0786249e+001
  3.9386833e+000, -8.1497290e+000
 -4.9430523e+000,  1.0126501e+001
  5.3931976e+000, -7.9787776e+000
 -6.4229417e+000,  9.5582209e+000
  2.7928985e+000, -8.1441518e+000
 -4.6171182e+000,  8.1459241e+000
  3.9771983e+000, -7.2568980e+000
 -4.9349151e+000,  9.0262267e+000
  5.2445772e+000, -5.3876334e+000
 -4.0712162e+000,  8.5228768e+000
  3.0538401e+000, -7.6205841e+000
 -5.9935369e+000,  8.1449788e+000
  4.3312883e+000, -6.3535025e+000
 -4.1811983e+000,  1.0184777e+001
  5.0300542e+000, -6.5462027e+000
 -3.8822693e+000,  8.8510243e+000
  3.2444353e+000, -7.8822070e+000
 -6.2422068e+000,  9.6170304e+000
  5.3334498e+000, -6.0463870e+000
 -4.1024572e+000,  9.4850296e+000
  3.3221249e+000, -7.9295584e+000
 -5.3304040e+000,  1.0519512e+001
  3.7229854e+000, -5.8818608e+000
 -6.5374983e+000,  1.0570829e+001
  4.6420583e+000, -6.3868445e+000
 -4.7065384e+000,  9.5810486e+000
  4.7122989e+000, -7.8765786e+000
 -5.2466837e+000,  1.0510137e+001
  3.3479713e+000, -5.2759269e+000
 -4.9927011e+000,  1.0351100e+001
  3.3540148e+000, -6.6500455e+000
 -4.4861621e+000,  1.0184134e+001
  4.6283488e+000, -7.8132550e+000
 -4.6564810e+000,  1.0795067e+001
  3.4700526e+000, -5.8278772e+000
 -5.9596941e+000,  8.3311219e+000
  5.0468561e+000, -6.7476256e+000
 -5.7541367e+000,  8.7080400e+000
  2.7809668e+000, -7.7773241e+000
 -6.3579794e+000,  8.5207378e+000
  3.2888012e+000, -7.4516639e+000
 -5.3739994e+000,  1.0612195e+001
  4.3095683e+000, -5.9440749e+000
 -4.5014798e+000,  1.0603320e+001
  4.4768258e+000, -7.5989672e+000
 -6.2030891e+000,  9.3312284e+000
  3.7479523e+000, -6.7850760e+000
 -4.7836500e+000,  8.5437756e+000
  3.6723414e+000, -6.2067579e+000
 -4.3428304e+000,  7.9711910e+000
  3.0319920e+000, -6.0034198e+000
 -3.8197967e+000,  8.9457747e+000
  3.0193242e+000, -7.1282447e+000
 -5.4734962e+000,  9.3820124e+000
  2.7312718e+000, -7.0964151e+000
 -6.1385384e+000,  8.0872743e+000
  3.3378420e+000, -7.5629915e+000
 -4.1104160e+000,  1.0538124e+001
  2.7023895e+000, -7.3193517e+000
 -6.1488112e+000,  9.0728874e+000
  4.1843984e+000, -6.0778520e+000
 -4.3460773e+000,  9.6890547e+000
  4.2876034e+000, -6.5411816e+000
 -3.6821915e+000,  8.9586823e+000
  2.9031115e+000, -6.4647611e+000
 -3.8833532e+000,  8.3724947e+000
  3.6234540e+000, -6.9375917e+000
 -5.7488114e+000,  1.0483340e+001
  4.8794559e+000, -6.4789032e+000
 -3.7888032e+000,  7.9800792e+000
  2.8748670e+000, -5.5346848e+000
 -5.7387219e+000,  8.0091430e+000
  3.2215643e+000, -7.3831143e+000
 -4.7258802e+000,  9.9184086e+000
  3.8707476e+000, -6.4599136e+000
 -4.0872106e+000,  8.3149245e+000
  4.2811380e+000, -6.1524370e+000
 -4.3617317e+000,  1.0234789e+001
  4.6671423e+000, -6.4819839e+000
 -4.0894917e+000,  9.5822223e+000
  4.8775194e+000, -7.0747369e+000
 -6.0091341e+000,  9.1651363e+000
  3.1531202e+000, -7.5742190e+000
 -3.6680667e+000,  9.9894804e+000
  3.2294414e+000, -7.1352098e+000
 -5.3486067e+000,  8.7975790e+000
  3.4684842e+000, -6.9809283e+000
 -5.1408648e+000,  1.0216994e+001
  4.0846858e+000, -7.5078923e+000
 -5.1617927e+000,  7.8658067e+000
  5.1210825e+000, -6.1531786e+000
 -4.7914008e+000,  8.6021935e+000
  2.4003680e+000, -5.8989373e+000
 -3.7052311e+000,  7.9366083e+000
  4.4729613e+000, -5.1265757e+000
 -3.6075227e+000,  9.5756108e+000
  3.7084591e+000, -5.3452303e+000
 -4.1470745e+000,  8.0932121e+000
  3.9685601e+000, -6.6158783e+000
 -5.5804298e+000,  9.9351946e+000
  3.1990092e+000, -5.2866484e+000
 -6.0215906e+000,  1.0323915e+001
  3.4388352e+000, -5.7306918e+000
 -3.8069054e+000,  1.0143105e+001
  2.8945210e+000, -5.2000335e+000
 -6.1052341e+000,  1.0299012e+001
  4.8746203e+000, -5.5192525e+000
 -4.3028332e+000,  7.6760614e+000
  3.6428192e+000, -5.4845380e+000
 -6.0274422e+000,  8.2379036e+000
  2.7973666e+000, -6.0447565e+000
 -4.6287020e+000,  9.8099053e+000
  3.4310444e+000, -6.6787980e+000
 -4.8923502e+000,  9.9107085e+000
  4.6136491e+000, -5.6288376e+000
 -5.2356106e+000,  9.0429947e+000
  4.5927027e+000, -4.9199474e+000
 -5.6003080e+000,  9.4965489e+000
  4.4148564e+000, -6.5691786e+000
 -4.0756098e+000,  7.8080017e+000
  2.3743628e+000, -4.8935196e+000
 -5.8414913e+000,  8.7847204e+000
  4.3898348e+000, -5.7654918e+000
 -6.1241851e+000,  9.7256898e+000
  3.9881781e+000, -6.7887974e+000
 -4.3181525e+000,  9.6098809e+000
  4.0525222e+000, -6.1854331e+000
 -4.6576360e+000,  8.5253995e+000
  2.5307190e+000, -5.8252441e+000
 -5.7956496e+000,  9.4786131e+000
  4.5629601e+000, -6.9972280e+000
 -6.1663509e+000,  8.0241364e+000
  3.3100728e+000, -4.7376939e+000
 -5.0094619e+000,  8.4070750e+000
  3.1575333e+000, -6.0622082e+000
 -4.3694964e+000,  7.9043055e+000
  3.8241163e+000, -6.7646553e+000
 -4.8440904e+000,  8.3707235e+000
  4.1331028e+000, -7.0143701e+000
 -4.5480772e+000,  9.7742552e+000
  4.6293802e+000, -5.4486175e+000
 -4.7368724e+000,  7.6792012e+000
  2.9487809e+000, -7.3738634e+000
 -3.8948224e+000,  9.1589155e+000
  4.6313876e+000, -6.7426699e+000
 -4.6477167e+000,  8.6475337e+000
  2.1670221e+000, -6.5737385e+000
 -5.8865486e+000,  9.6309843e+000
  3.8028394e+000, -7.1450179e+000
 -5.0543595e+000,  1.0007173e+001
  3.2967092e+000, -4.5717130e+000
 -5.6452874e+000,  8.0263480e+000
  4.4730916e+000, -5.2565139e+000
 -5.0801937e+000,  9.1962642e+000
  2.5002780e+000, -5.0467567e+000
 -4.9581801e+000,  8.3964011e+000
  3.4634850e+000, -6.6653313e+000
 -3.5910159e+000,  9.6474102e+000
  3.9270137e+000, -7.0685431e+000
 -3.3103509e+000,  9.4136815e+000
  4.7204325e+000, -5.1078955e+000
 -3.6214564e+000,  8.1230825e+000
  3.1933889e+000, -5.5978677e+000
 -3.6857034e+000,  8.3417070e+000
  2.2151436e+000, -5.1389188e+000
 -4.9488519e+000,  9.4692956e+000
  2.9230014e+000, -6.4280255e+000
 -4.0473579e+000,  7.5816063e+000
  3.7327154e+000, -4.9630219e+000
 -4.0953967e+000,  8.9112420e+000
  3.6320956e+000, -5.8734005e+000
 -4.2379176e+000,  7.6195830e+000
  2.4916632e+000, -6.4445257e+000
 -3.8244247e+000,  8.1996727e+000
  2.1174426e+000, -4.9781118e+000
 -4.9366019e+000,  9.8356286e+000
  2.6246345e+000, -6.0526424e+000
 -4.7074300e+000,  7.2362123e+000
  2.5208426e+000, -5.6754672e+000
 -4.1708367e+000,  8.5559434e+000
  4.6495935e+000, -6.2128847e+000
 -5.4369933e+000,  9.5151419e+000
  3.3762088e+000, -4.9834073e+000
 -4.8690098e+000,  7.3361100e+000
  4.0166547e+000, -6.7804679e+000
 -3.6729123e+000,  8.7484075e+000
  4.3221350e+000, -5.9217522e+000
 -4.3515388e+000,  8.9433128e+000
  3.5823397e+000, -4.7117781e+000
 -4.4574231e+000,  9.0379192e+000
  2.8122458e+000, -4.4660592e+000
 -4.3357642e+000,  9.2314236e+000
  3.5730712e+000, -6.2257922e+000
 -3.5484574e+000,  7.2824025e+000
  3.0286823e+000, -6.2779534e+000
 -3.2864238e+000,  8.3413756e+000
  3.3589344e+000, -6.1865748e+000
 -3.4927192e+000,  9.7130911e+000
  4.3045388e+000, -4.4839837e+000
 -5.6292935e+000,  9.7281049e+000
  4.0033369e+000, -4.6508959e+000
 -4.0315997e+000,  8.8335881e+000
  2.0502575e+000, -5.1334257e+000
 -3.5787698e+000,  8.2124313e+000
  3.5502961e+000, -4.4548049e+000
 -4.6979051e+000,  8.9304186e+000
  3.9377292e+000, -4.7102375e+000
 -3.9129523e+000,  8.2829249e+000
  3.5577120e+000, -4.5142483e+000
 -4.8789640e+000,  8.6395121e+000
  3.0768076e+000, -6.4561025e+000
 -3.0736421e+000,  7.2774888e+000
  3.8461499e+000, -4.9207285e+000
 -5.1857098e+000,  7.8680718e+000
  2.3654822e+000, -4.2570761e+000
 -3.7854737e+000,  9.1115173e+000
  4.1375546e+000, -5.9165533e+000
 -4.5572634e+000,  8.2410942e+000
  1.9069561e+000, -6.6579754e+000
 -4.8200198e+000,  9.5122170e+000
  3.6531435e+000, -6.6019382e+000
 -4.5897765e+000,  9.4803098e+000
  3.5274277e+000, -6.6915032e+000
 -3.4663226e+000,  8.2816647e+000
  3.8890448e+000, -5.7370198e+000
 -5.4505130e+000,  9.5890668e+000
  3.9252890e+000, -5.1817066e+000
 -5.4402012e+000,  8.9938512e+000
  2.0583498e+000, -5.4187666e+000
 -3.0556326e+000,  7.3494497e+000
  2.8185662e+000, -5.1375951e+000
 -3.6626406e+000,  9.1362260e+000
  3.2997081e+000, -4.7105912e+000
 -5.0317106e+000,  7.3193467e+000
  1.8047541e+000, -4.1452598e+000
 -5.6191385e+000,  7.1993914e+000
  2.6417471e+000, -5.7133417e+000
 -4.0449084e+000,  9.4689074e+000
  4.0471092e+000, -5.2797817e+000
 -3.4056835e+000,  7.1535045e+000
  2.2256320e+000, -4.7545361e+000
 -4.4904576e+000,  7.0520405e+000
  2.0226992e+000, -5.6799232e+000
 -4.4669966e+000,  8.0036247e+000
  4.0161390e+000, -5.0216639e+000
 -4.1351119e+000,  7.8871996e+000
  3.9509599e+000, -5.5984882e+000
 -5.1250922e+000,  6.9933672e+000
  2.3518626e+000, -5.3760236e+000
 -4.7944517e+000,  6.9197120e+000
  2.1189409e+000, -6.2645438e+000
 -3.4497076e+000,  8.7741285e+000
  1.7827700e+000, -4.1634390e+000
 -3.2971143e+000,  9.2998257e+000
  2.4720419e+000, -6.5822147e+000
 -5.1705148e+000,  6.6584220e+000
  3.6939519e+000, -4.4790818e+000
 -4.5777816e+000,  7.8756439e+000
  2.1061326e+000, -5.8997851e+000
 -3.6417633e+000,  7.3831548e+000
  1.7201271e+000, -4.1137978e+000
 -5.3129727e+000,  8.4539082e+000
  2.7095088e+000, -5.6504333e+000
 -5.2660905e+000,  6.8968892e+000
  1.6217825e+000, -5.3862734e+000
 -3.4910204e+000,  7.6293991e+000
  1.8358699e+000, -3.8515516e+000
 -5.4118630e+000,  7.4950119e+000
  2.3371058e+000, -5.9960658e+000
 -5.0322292e+000,  7.6000503e+000
  2.7277638e+000, -6.1828173e+000
 -2.9919690e+000,  6.8444968e+000
  3.0426739e+000, -5.5103920e+000
 -2.7926458e+000,  7.4021163e+000
  2.9752776e+000, -5.8525311e+000
 -4.3900384e+000,  8.9376037e+000
  4.0317263e+000, -3.8981840e+000
 -4.8307321e+000,  7.0795748e+000
  4.0907065e+000, -5.0668334e+000
 -4.4534452e+000,  7.2470007e+000
  3.0340918e+000, -6.3246487e+000
 -2.8107389e+000,  7.2411295e+000
  2.9998507e+000, -3.9572876e+000
 -4.9589900e+000,  7.9112030e+000
  2.3560230e+000, -4.2083322e+000
 -5.1784764e+000,  7.4308472e+000
  2.3985661e+000, -5.6527368e+000
 -3.9579284e+000,  7.8149746e+000
  2.6255023e+000, -5.4835458e+000
 -4.4641630e+000,  6.3879899e+000
  3.0526426e+000, -5.2878140e+000
 -3.4691214e+000,  8.1292986e+000
  3.9389409e+000, -6.2515609e+000
 -4.6498297e+000,  6.9270832e+000
  2.2301585e+000, -5.0590776e+000
 -2.7525297e+000,  7.2287125e+000
  3.1577773e+000, -5.8300147e+000
 -5.4364204e+000,  7.0939428e+000
  3.1140681e+000, -3.8963482e+000
 -3.4688107e+000,  7.8384170e+000
  1.7351560e+000, -4.6129673e+000
 -3.3005571e+000,  8.4491463e+000
  3.2403772e+000, -3.6352640e+000
 -5.4422280e+000,  8.8702940e+000
  4.0269271e+000, -6.2236660e+000
 -5.0195155e+000,  6.3477558e+000
  1.5027692e+000, -5.3656255e+000
 -3.7178148e+000,  6.9202137e+000
  2.6531215e+000, -5.8155688e+000
 -3.7090503e+000,  8.9052292e+000
  2.5604752e+000, -4.3586216e+000
 -3.6673716e+000,  6.3247026e+000
  1.7231167e+000, -4.9272330e+000
 -2.7952387e+000,  7.0672920e+000
  3.6957819e+000, -5.6026473e+000
 -2.8795527e+000,  7.2994839e+000
  2.2103496e+000, -3.3818765e+000
 -3.8266046e+000,  6.8669464e+000
  1.6597630e+000, -5.1322025e+000
 -3.0145555e+000,  6.8354258e+000
  1.8054671e+000, -5.2456606e+000
 -4.7284840e+000,  6.2980325e+000
  2.5420553e+000, -4.8459373e+000
 -3.3926738e+000,  6.3772450e+000
  1.5600507e+000, -4.6522534e+000
 -3.7062541e+000,  7.1815939e+000
  4.1204736e+000, -4.4213608e+000
 -3.4995456e+000,  8.3184550e+000
  1.6914869e+000, -3.4046329e+000
 -3.6082823e+000,  8.5004967e+000
  1.5298029e+000, -3.5669264e+000
 -4.9815378e+000,  6.4938060e+000
  2.0406736e+000, -4.2255804e+000
 -4.1720529e+000,  7.0488407e+000
  3.8478837e+000, -4.6693016e+000
 -4.5817375e+000,  6.9156636e+000
  3.8081819e+000, -3.7882529e+000
 -4.8464558e+000,  6.3286559e+000
  2.7311191e+000, -5.4413404e+000
 -4.9645395e+000,  8.7096282e+000
  1.5013315e+000, -4.2482425e+000
 -3.7335226e+000,  6.6935976e+000
  1.5495877e+000, -5.2893037e+000
 -4.0853954e+000,  8.3697843e+000
  2.0959690e+000, -4.3923409e+000
 -2.5171482e+000,  6.5820815e+000
  1.8672105e+000, -5.4826881e+000
 -2.9723831e+000,  7.3150166e+000
  3.5461592e+000, -3.4331741e+000
 -4.9528975e+000,  6.4710822e+000
  3.1679559e+000, -3.6427876e+000
 -3.2384592e+000,  6.3090435e+000
  1.3419560e+000, -5.3774479e+000
 -2.5650183e+000,  8.4855293e+000
  1.3370593e+000, -3.2508937e+000
 -2.5783940e+000,  6.2399570e+000
  2.5912190e+000, -5.0834080e+000
 -2.6878384e+000,  8.4695278e+000
  1.4932936e+000, -5.3786256e+000
 -2.4933083e+000,  6.5990184e+000
  2.9094148e+000, -4.8927862e+000
 -4.5105325e+000,  6.6954739e+000
  3.5699035e+000, -5.1407720e+000
 -2.9336647e+000,  6.3925254e+000
  2.4807487e+000, -4.6642093e+000
 -2.6184297e+000,  7.1184026e+000
  3.4354325e+000, -4.9123022e+000
 -3.4514722e+000,  6.7708713e+000
  3.5603453e+000, -4.6181485e+000
 -4.3140527e+000,  7.6982640e+000
  1.3711705e+000, -3.6899730e+000
 -2.8308505e+000,  6.1373887e+000
  2.3282730e+000, -4.1642265e+000
 -4.1471372e+000,  8.2625954e+000
  2.2625366e+000, -5.2145881e+000
 -2.7765038e+000,  6.3542808e+000
  2.6684419e+000, -5.6841915e+000
 -3.6516047e+000,  7.8237897e+000
  1.1531415e+000, -5.3189581e+000
 -4.8978774e+000,  7.5250532e+000
  3.3889494e+000, -4.4771669e+000
 -2.7218287e+000,  7.0373555e+000
  2.6853529e+000, -3.6120943e+000
 -2.5923108e+000,  8.1785848e+000
  2.1310166e+000, -4.8600737e+000
 -3.2480178e+000,  7.6045021e+000
  1.6236691e+000, -5.4387833e+000
 -3.5782379e+000,  7.6878175e+000
  2.4265380e+000, -3.6882997e+000
 -2.8607211e+000,  7.7663688e+000
  1.8433353e+000, -3.8505324e+000
 -4.6281592e+000,  8.3124939e+000
  1.1110200e+000, -2.9884275e+000
 -3.3722268e+000,  7.7511470e+000
  1.1396800e+000, -5.3038825e+000
 -4.4104295e+000,  6.1038105e+000
  2.6868414e+000, -4.6732448e+000
 -4.2074438e+000,  6.1234062e+000
  3.5442741e+000, -3.1963973e+000
 -3.6997114e+000,  6.9005447e+000
  2.9585137e+000, -4.8044204e+000
 -4.2097962e+000,  7.3606678e+000
  1.6316502e+000, -2.8947650e+000
 -2.7032940e+000,  7.9276069e+000
  3.7602947e+000, -3.8660595e+000
 -2.8218648e+000,  7.4893506e+000
  1.1229893e+000, -4.4174334e+000
 -4.0538765e+000,  7.6955454e+000
  1.4972840e+000, -3.6369659e+000
 -4.2995801e+000,  7.0381383e+000
  1.7792639e+000, -4.0399360e+000
 -3.5153004e+000,  5.9919277e+000
  1.1913090e+000, -5.2001793e+000
 -2.7536467e+000,  7.0897276e+000
  3.0901073e+000, -4.8336930e+000
 -2.7607989e+000,  8.1164055e+000
  3.0290562e+000, -3.4048494e+000
 -2.9852576e+000,  7.3254766e+000
  1.5221804e+000, -4.3513988e+000
 -2.8531574e+000,  7.9735068e+000
  3.2433094e+000, -3.5956526e+000
 -2.4501001e+000,  6.2049380e+000
  1.1202518e+000, -4.1044708e+000
 -3.3385186e+000,  6.1407037e+000
  3.3071840e+000, -3.6346474e+000
 -3.2829800e+000,  7.1986962e+000
  2.2128864e+000, -4.2484775e+000
 -4.5717234e+000,  7.6894397e+000
  3.1092842e+000, -3.3094078e+000
 -4.1136551e+000,  7.3181152e+000
  1.0684428e+000, -5.2044168e+000
 -4.5675558e+000,  6.2299472e+000
  2.7027520e+000, -4.3824894e+000
 -2.9705338e+000,  5.4146551e+000
  2.9811530e+000, -2.7055363e+000
 -3.1889844e+000,  6.8588879e+000
  3.4469385e+000, -5.0548996e+000
 -2.3100452e+000,  7.4911685e+000
  1.4693952e+000, -2.7455230e+000
 -2.2744083e+000,  7.2329551e+000
  2.8785050e+000, -4.1081031e+000
 -3.5130215e+000,  7.3668812e+000
  9.6269616e-001, -2.4971410e+000
 -4.4282779e+000,  6.4033635e+000
  1.4961260e+000, -3.4515044e+000
 -2.2345044e+000,  6.7076133e+000
  1.4533270e+000, -3.5739228e+000
 -4.4822881e+000,  7.7583933e+000
  1.6331408e+000, -3.4566043e+000
 -2.6584219e+000,  7.3589853e+000
  1.1210806e+000, -2.6080999e+000
 -4.6497826e+000,  7.1139525e+000
  3.1210691e+000, -2.8084072e+000
 -3.7640367e+000,  6.3066581e+000
  3.3855900e+000, -2.3226245e+000
 -2.6449885e+000,  7.5856197e+000
  2.2137728e+000, -3.4363787e+000
 -2.5650024e+000,  5.7769709e+000
  2.7711668e+000, -4.3000223e+000
 -3.0226112e+000,  5.2278977e+000
  1.1067827e+000, -4.0175805e+000
 -2.7585261e+000,  5.9218110e+000
  1.7250575e+000, -4.6152549e+000
 -3.0056904e+000,  6.2288173e+000
  1.0233252e+000, -4.4925131e+000
 -3.5794780e+000,  6.9249499e+000
  1.3286537e+000, -2.5274803e+000
 -2.8511988e+000,  6.0585935e+000
  2.2469645e+000, -3.6478461e+000
 -4.5933036e+000,  7.4394531e+000
  2.0036376e+000, -2.7487109e+000
 -2.2486548e+000,  7.2853179e+000
  2.4201051e+000, -4.3270545e+000
 -3.9425299e+000,  6.2577296e+000
  1.7257123e+000, -3.3023872e+000
 -2.5504515e+000,  6.2454325e+000
  1.8577959e+000, -2.7454590e+000
 -1.9391531e+000,  7.4988117e+000
  3.2648119e+000, -2.3669072e+000
 -2.6671073e+000,  5.4076866e+000
  1.5430785e+000, -4.5940942e+000
 -4.3343444e+000,  6.5760187e+000
  3.0737464e+000, -2.8163396e+000
 -2.0610720e+000,  5.3655805e+000
  1.3929517e+000, -4.7329636e+000
 -4.3257008e+000,  5.8017914e+000
  1.0643424e+000, -2.2717746e+000
 -2.9905242e+000,  5.6827906e+000
  1.7812569e+000, -4.6857200e+000
 -4.2207468e+000,  6.9279285e+000
  2.1130243e+000, -3.9192482e+000
 -1.9530650e+000,  6.1916610e+000
  1.1942483e+000, -2.7651938e+000
 -1.9413890e+000,  4.7806978e+000
  1.0336289e+000, -2.3254827e+000
 -2.0894012e+000,  7.4745351e+000
  3.2591706e+000, -2.7977820e+000
 -2.8767756e+000,  6.0753516e+000
  1.1370806e+000, -3.8615193e+000
 -3.7994112e+000,  6.8924562e+000
  2.7395433e+000, -4.6338363e+000
 -3.9977016e+000,  7.1764754e+000
  2.4607434e+000, -2.1737134e+000
 -2.2296442e+000,  6.8916998e+000
  3.3991306e+000, -2.1409172e+000
 -3.0521527e+000,  6.6860109e+000
  2.4347612e+000, -3.3634395e+000
 -4.1726372e+000,  5.6480729e+000
  2.7022693e+000, -4.5898661e+000
 -2.4903488e+000,  6.6097898e+000
  7.6873167e-001, -3.1797440e+000
 -2.3534455e+000,  5.6607355e+000
  1.4702868e+000, -4.4651936e+000
 -3.2056143e+000,  5.9825507e+000
  3.0259764e+000, -2.1209959e+000
 -3.8791506e+000,  4.9808456e+000
  2.3001151e+000, -2.1530150e+000
 -2.3360205e+000,  6.0521122e+000
  2.3831933e+000, -4.1587762e+000
 -2.6402968e+000,  4.5360938e+000
  2.4406752e+000, -2.3372190e+000
 -2.0979551e+000,  4.9411249e+000
  2.2262818e+000, -2.5591279e+000
 -2.5011052e+000,  7.0670661e+000
  1.1649231e+000, -2.7830686e+000
 -3.8367137e+000,  6.7143707e+000
  1.8307915e+000, -3.1600152e+000
 -2.0814154e+000,  5.3253070e+000
  3.2974353e+000, -2.3311120e+000
 -3.0449637e+000,  4.4134035e+000
  3.2357759e+000, -1.9066881e+000
 -2.7257500e+000,  5.0175097e+000
  1.5291172e+000, -2.4325322e+000
 -2.8686553e+000,  6.0919802e+000
  5.8244834e-001, -2.3907005e+000
 -3.3547804e+000,  5.1713961e+000
  2.5210405e+000, -2.2063841e+000
 -4.3149677e+000,  6.2519547e+000
  2.8623802e+000, -1.5608820e+000
 -3.8433300e+000,  4.7093455e+000
  2.3962602e+000, -4.0898214e+000
 -4.0948299e+000,  6.7490874e+000
  5.0917978e-001, -3.0658485e+000
 -4.2846043e+000,  5.1417463e+000
  1.9939943e+000, -1.9436118e+000
 -4.3056138e+000,  5.7929264e+000
  2.1762130e+000, -3.0910756e+000
 -1.7059798e+000,  6.6295792e+000
  5.9723232e-001, -2.6352132e+000
 -2.8167591e+000,  6.1042342e+000
  2.4410175e+000, -2.4140488e+000
 -4.2343058e+000,  5.3979802e+000
  1.2169645e+000, -3.9999132e+000
 -3.0698144e+000,  4.3269548e+000
  2.9892512e+000, -2.6747147e+000
 -1.8810462e+000,  6.9002267e+000
  1.7762015e+000, -1.5709464e+000
 -2.6222066e+000,  6.4077016e+000
  1.1878270e+000, -4.1044806e+000
 -3.6719781e+000,  4.5806954e+000
  2.8183331e+000, -3.9557404e+000
 -3.8752254e+000,  6.8739275e+000
  2.7523908e+000, -3.1061927e+000
 -4.3300116e+000,  6.3044249e+000
  2.9318701e+000, -2.0915839e+000
 -1.9627377e+000,  6.1767999e+000
  2.7673949e+000, -2.3477264e+000
 -4.1124653e+000,  6.7759078e+000
  5.5114546e-001, -3.2562229e+000
 -3.4113471e+000,  5.2265029e+000
  2.9484810e+000, -3.4964220e+000
 -2.9573656e+000,  4.7969191e+000
  2.4530539e+000, -2.6028984e+000
 -1.9393022e+000,  6.7820619e+000
  2.0321552e+000, -2.9149508e+000
 -2.7595852e+000,  6.7340983e+000
  1.1128044e+000, -3.3847789e+000
 -2.2834790e+000,  5.5018600e+000
  2.5487328e+000, -1.3264997e+000
 -3.6764275e+000,  4.8559592e+000
  9.6338606e-001, -3.2895739e+000
 -3.9800066e+000,  6.1009211e+000
  3.5561269e-001, -1.8165921e+000
 -3.7972142e+000,  4.3432402e+000
  1.0513496e+000, -3.4706694e+000
 -2.1073554e+000,  6.5265956e+000
  2.9364726e+000, -3.3207748e+000
 -4.0507090e+000,  5.6490063e+000
  2.9023037e+000, -3.6288620e+000
 -3.2729929e+000,  5.7795327e+000
  1.1489271e+000, -2.1545749e+000
 -2.5507623e+000,  4.1460378e+000
  4.2977146e-001, -3.6419785e+000
 -2.2231471e+000,  5.1624799e+000
  2.2357756e+000, -3.7547431e+000
 -1.9024223e+000,  5.5834792e+000
  1.5031255e+000, -2.3809914e+000
 -1.8380964e+000,  5.7550998e+000
  2.1406260e+000, -2.4510115e+000
 -1.8888374e+000,  5.3039426e+000
  1.3233248e+000, -1.8512633e+000
 -3.5270899e+000,  6.1632759e+000
  1.1637275e+000, -3.6264779e+000
 -3.5135107e+000,  4.9234733e+000
  7.4165246e-001, -2.7927543e+000
 -2.6425044e+000,  5.2917433e+000
  8.0829490e-001, -3.0645426e+000
 -2.0082316e+000,  4.5785109e+000
  7.8360696e-001, -3.2990721e+000
 -3.0808187e+000,  6.1819715e+000
  2.4393247e+000, -2.6764687e+000
 -3.5722437e+000,  6.1627705e+000
  1.7434267e+000, -2.9581541e+000
 -4.0456219e+000,  3.8143685e+000
  9.2353374e-001, -2.0614858e+000
 -1.4542169e+000,  5.8818411e+000
  2.0614621e+000, -3.0910709e+000
 -1.5268600e+000,  6.1218685e+000
  2.9103299e+000, -2.2692274e+000
 -2.8788903e+000,  5.9169100e+000
  4.5842433e-001, -3.2586863e+000
 -3.7239984e+000,  4.9922324e+000
  1.3805522e+000, -1.4249794e+000
 -2.5775734e+000,  6.0214245e+000
  1.0151954e+000, -2.9779473e+000
 -2.3113112e+000,  5.7375126e+000
  2.7355993e+000, -3.4130479e+000
 -3.4750063e+000,  4.2024539e+000
  2.2007232e+000, -3.1169710e+000
 -3.7765839e+000,  4.0454196e+000
  2.4065044e-001, -2.7812394e+000
 -3.8843219e+000,  3.9850434e+000
  1.1637235e+000, -1.9319230e+000
 -3.0409376e+000,  3.7692406e+000
  1.3670581e+000, -7.5301803e-001
 -1.4145828e+000,  5.1846412e+000
  1.1541753e+000, -1.4638910e+000
 -2.7689194e+000,  6.0200377e+000
  6.3241724e-001, -3.1864925e+000
 -2.9953034e+000,  4.5694618e+000
  1.1914657e+000, -1.4256667e+000
 -3.1634838e+000,  3.8355321e+000
  5.0417197e-001, -1.7733383e+000
 -3.7155870e+000,  6.1080546e+000
  1.5596447e+000, -9.0472962e-001
 -2.7619863e+000,  5.3610099e+000
  2.2963730e+000, -1.6061271e+000
 -2.6195218e+000,  5.6287081e+000
  4.0853212e-001, -2.0009074e+000
 -2.6813213e+000,  4.4341394e+000
  2.9522971e-001, -1.5580425e+000
 -1.7321003e+000,  5.5161120e+000
  1.5306054e+000, -3.1343884e+000
 -3.8830713e+000,  4.3806375e+000
  1.1148277e+000, -2.3189758e+000
 -3.4151957e+000,  4.2742697e+000
  1.7532196e+000, -1.1095574e+000
 -1.7675950e+000,  3.4107900e+000
  2.2679418e+000, -1.3317797e+000
 -3.5131897e+000,  5.1386049e+000
  1.6158016e+000, -2.7810282e+000
 -1.2833080e+000,  3.6937998e+000
  1.6808457e+000, -2.6887630e+000
 -3.2270315e+000,  5.7738011e+000
  1.6826358e+000, -2.7307177e+000
 -2.8185498e+000,  4.1936535e+000
  1.7863922e+000, -2.9782937e+000
 -3.7054452e+000,  5.6506004e+000
  3.3016052e-001, -1.3624756e+000
 -2.2327320e+000,  4.4566459e+000
  6.7475345e-001, -1.5985798e+000
 -3.0208574e+000,  5.2603028e+000
  2.1340841e+000, -1.7262630e+000
 -3.0102134e+000,  3.7668001e+000
  1.9094731e-001, -2.1223823e+000
 -1.5447692e+000,  5.1102384e+000
  3.9201120e-002, -2.4159322e+000
 -2.8915212e+000,  5.5734541e+000
  2.4431397e+000, -7.8418753e-001
 -3.8371093e+000,  5.4573265e+000
 -1.0983462e-001, -1.9068279e+000
 -2.0757633e+000,  4.3277305e+000
  1.5155184e-001, -2.0993734e+000
 -3.8631869e+000,  4.1270329e+000
  2.6404206e-001, -2.4339605e+000
 -2.7463412e+000,  5.6177497e+000
 -4.9149444e-002, -2.7460357e+000
 -1.4841833e+000,  3.9925248e+000
  1.3750248e+000, -1.4676502e+000
 -2.6986016e+000,  4.2329271e+000
  2.3763538e+000, -7.3340844e-001
 -1.6269577e+000,  4.5454616e+000
  1.1942278e+000, -2.7807894e+000
 -3.3093141e+000,  4.1487156e+000
  3.0393449e-001, -1.2161275e+000
 -1.3348702e+000,  3.7783264e+000
  1.6027514e+000, -1.3721764e+000
 -3.6728817e+000,  4.8769873e+000
  4.2301827e-001, -9.2261102e-001
 -1.7817999e+000,  3.7980363e+000
 -1.7000727e-003, -2.7727159e+000
 -2.9212505e+000,  4.4758662e+000
  1.9069873e+000, -1.2566617e+000
 -1.0998724e+000,  4.9947249e+000
  6.8295211e-001, -2.3182524e+000
 -1.8138674e+000,  4.7089130e+000
 -5.4454352e-002, -1.3457536e+000
 -3.5938086e+000,  4.7545741e+000
  3.5656138e-001, -8.3178905e-001
 -3.2740888e+000,  3.3375854e+000
  9.1268834e-001, -2.6466015e+000
 -1.7761116e+000,  5.0389453e+000
  1.1159377e+000, -1.7910839e+000
 -1.6523477e+000,  4.2442107e+000
 -8.3289846e-002, -1.5146963e+000
 -2.8522589e+000,  3.1902545e+000
  2.0162917e+000, -1.0096116e+000
 -3.3777284e+000,  3.8196484e+000
  2.5718277e-001, -1.1663095e+000
 -2.1022880e+000,  3.8674986e+000
  1.9849863e-001, -2.4061407e+000
 -9.5321172e-001,  2.8141978e+000
  1.8268698e-001, -2.0325476e+000
 -1.1237367e+000,  4.6092792e+000
 -2.5740199e-001, -1.3522585e+000
 -3.1839226e+000,  2.9621955e+000
  1.4472663e+000, -6.2854279e-001
 -2.9511460e+000,  5.1865105e+000
  1.4075727e+000, -3.9377354e-001
 -1.0714282e+000,  5.1656364e+000
  1.3334301e+000, -8.9148205e-001
 -1.9963388e+000,  5.4627279e+000
  1.3283095e+000, -9.2208013e-001
 -1.1326386e+000,  5.1958066e+000
  1.4185606e+000, -6.6706012e-004
 -1.2570077e+000,  5.1135875e+000
  3.7062726e-001, -7.8189440e-001
 -3.1153351e+000,  5.1065119e+000
  2.0270814e+000, -1.4276151e+000
 -1.2220733e+000,  2.8086342e+000
 -1.1676424e-001, -5.9095464e-001
 -1.2184655e+000,  4.4006651e+000
  6.6989197e-001, -1.6042716e+000
 -2.7064098e+000,  3.3857471e+000
 -2.4470111e-002, -1.4082681e+000
 -1.7536590e+000,  3.1180627e+000
  9.1884809e-001, -8.0039595e-001
 -2.1610145e+000,  3.0123201e+000
  1.1797649e+000, -6.5589149e-001
 -2.0514048e+000,  3.1910318e+000
  2.0347381e-001, -1.7668161e+000
 -1.6004140e+000,  3.1020180e+000
 -2.4647477e-001, -4.6658308e-001
 -1.5759192e+000,  2.5824724e+000
 -4.1100555e-001, -9.8823796e-001
 -8.7096170e-001,  3.9281226e+000
  2.1127020e+000, -1.0449087e+000
 -2.6781949e+000,  2.7990808e+000
  1.2281319e+000, -9.2803967e-001
 -1.3154712e+000,  5.0370633e+000
  5.6462770e-001,  1.6060993e-001
 -1.0881816e+000,  3.1110815e+000
 -5.3821372e-002, -1.3520932e+000
 -3.1163005e+000,  4.3535081e+000
  2.6685247e-001, -2.4001676e+000
 -1.3268864e+000,  4.0053780e+000
  1.2016402e+000, -2.3274394e+000
 -2.0191329e+000,  2.9785256e+000
  7.9127786e-001, -2.0151575e-001
 -2.1806115e+000,  4.9994238e+000
  7.1816691e-001, -4.3450021e-001
 -2.5835645e+000,  4.3709892e+000
  1.3868587e+000, -1.3226062e+000
 -3.2793258e+000,  5.0868515e+000
  7.5872598e-001, -3.5348894e-001
 -3.0565682e+000,  4.8462871e+000
  1.2278349e+000, -1.4980735e+000
 -1.7740295e+000,  4.4822200e+000
  1.8139970e+000,  1.9508017e-001
 -1.4789522e+000,  2.5261558e+000
  4.3127111e-001, -1.8622628e+000
 -7.1034148e-001,  3.3639672e+000
  6.4457955e-001, -2.1815431e+000
 -1.7150687e+000,  3.4564640e+000
  6.9789341e-002, -1.4927500e+000
 -1.7982449e+000,  3.4468320e+000
 -5.5340181e-001, -1.6824233e+000
 -2.9074708e+000,  2.5169908e+000
  2.8343302e-001, -4.3819811e-001
 -9.8371140e-001,  3.8996033e+000
  1.9587920e+000, -6.0305561e-001
 -1.9751056e+000,  3.3884839e+000
 -1.9020140e-001, -6.4101538e-001
 -2.8363439e+000,  4.0323277e+000
 -1.2199420e-001,  3.1869137e-003
 -2.5506114e+000,  2.7573522e+000
  2.0556894e+000, -1.1405243e+000
 -2.6451046e+000,  2.8813422e+000
  1.3886442e+000, -1.8707597e+000
 -1.0249433e+000,  4.7919789e+000
 -4.0050723e-001,  5.8127084e-001
 -2.5037264e+000,  3.9151348e+000
  1.9746215e+000, -6.3342241e-001
 -1.9344639e+000,  4.5343387e+000
  1.1343934e+000, -1.7405845e+000
 -2.4513109e+000,  4.0184087e+000
  3.2756011e-001,  1.3300566e-001
 -1.9142631e+000,  3.0247479e+000
 -6.1518967e-001, -1.4570468e+000
 -1.7157865e+000,  4.4694820e+000
  1.6822566e+000, -3.2518632e-001
 -2.9604284e+000,  3.6565461e+000
  3.3920064e-001,  3.1760704e-001
 -9.3379823e-001,  3.1318486e+000
  3.0900902e-001, -3.8663956e-001
 -2.7754343e+000,  2.1595137e+000
 -3.7715322e-001,  4.0407622e-001
 -1.3693495e+000,  3.6834759e+000
 -3.4735961e-001, -1.5499085e+000
 -2.5684278e+000,  4.4199936e+000
  1.7687293e+000, -6.0998727e-001
 -1.6821638e+000,  2.0409252e+000
  1.2771410e+000, -1.7239461e+000
 -7.7968664e-001,  2.7239386e+000
  5.2835218e-001, -1.6606727e+000
 -2.2584520e+000,  4.0232261e+000
 -3.2428253e-001, -1.2118649e+000
 -1.9162213e+000,  3.9118475e+000
 -5.5496028e-001, -1.3271191e-001
 -7.0303715e-001,  2.4030725e+000
  4.8414080e-001,  2.9212119e-001
 -5.3346698e-001,  3.1139675e+000
 -5.7971770e-001, -1.5497684e+000
 -1.9489167e+000,  4.2519231e+000
  1.4645838e+000, -1.3393899e+000
 -9.4533300e-001,  2.7689134e+000
 -4.8208931e-002,  8.0469707e-002
 -2.2190193e+000,  2.4857237e+000
  1.8570631e+000,  7.7100917e-001
 -8.0624637e-001,  4.4643329e+000
 -8.5256974e-004,  5.8256767e-001
 -1.3850773e+000,  2.2923301e+000
  9.0598664e-002, -1.2056031e+000
 -2.7002709e+000,  4.3679755e+000
  4.0713140e-001, -1.4697595e+000
 -1.9448206e+000,  4.4461174e+000
 -1.1407522e-001, -6.1532720e-001
 -2.6781674e+000,  2.5702434e+000
 -2.0464855e-001,  8.8216753e-001
 -1.4024419e+000,  2.4799277e+000
  1.7065630e+000,  6.5690047e-002
 -2.7365043e+000,  4.4374416e+000
  1.8461973e+000, -3.3081022e-001
 -1.3422248e+000,  3.3282823e+000
 -5.4123684e-004,  3.5352422e-001
 -1.1785045e+000,  1.7466002e+000
 -2.0584620e-002,  1.2767876e-001
 -1.9111450e+000,  1.9370039e+000
  3.9238098e-001, -1.3592927e+000
 -2.6814863e+000,  4.2144490e+000
  7.3875994e-001, -9.5203126e-001
 -2.2596779e+000,  3.8430303e+000
  5.3713284e-001,  2.1656981e-001
 -2.7955934e+000,  2.5620119e+000
  1.5197402e+000,  7.8438614e-001
 -1.3694537e+000,  2.2513705e+000
  1.5166823e-001,  6.8108355e-001
 -1.7780662e+000,  4.0252655e+000
  5.6912062e-002, -1.4736212e+000
 -2.7901060e+000,  1.6778562e+000
 -7.1940999e-001, -5.5043152e-001
 -2.0491068e+000,  4.1617544e+000
  2.6415784e-001,  4.2091488e-001
 -6.3630129e-001,  3.3304573e+000
  8.3046105e-001,  9.4384526e-001
 -2.4584670e+000,  1.8180806e+000
  4.0047732e-001, -4.1072412e-001
 -3.0105318e+000,  3.3227178e+000
 -1.3721013e-001, -1.4009014e+000
 -9.2066979e-001,  2.1407872e+000
 -3.1947073e-001, -9.8829095e-001
 -1.5118363e+000,  3.5151736e+000
 -2.0499457e-001, -1.1486877e+000
 -3.0190455e+000,  3.2115038e+000
 -7.6701094e-001,  6.6522336e-002
 -9.4616862e-001,  3.7149683e+000
  9.0858360e-001, -5.1656217e-001
 -2.9663222e+000,  4.1143562e+000
  1.7144299e+000,  1.6755630e-001
 -8.4092168e-001,  3.7151786e+000
  1.2999146e+000,  1.0726541e+000
 -4.5273500e-001,  2.8606429e+000
  1.7849565e+000,  5.5873911e-001
 -6.4714187e-001,  4.0476821e+000
 -2.6185402e-001, -4.2988798e-001
 -2.7271050e+000,  1.8612174e+000
  8.5585439e-001,  1.0663491e+000
 -2.7446398e+000,  2.6145793e+000
  1.5196333e+000,  2.3014920e-001
 -9.1414548e-001,  1.7966126e+000
 -1.0270467e+000, -7.1734274e-002
 -2.2847632e+000,  3.5986579e+000
  1.5803396e+000,  7.5491894e-001
 -6.7659791e-001,  3.6606408e+000
  3.1992370e-001,  7.8731198e-002
 -1.6331961e+000,  3.5369359e+000
 -3.3821688e-001, -4.8017245e-002
 -1.6664458e+000,  1.9517521e+000
 -3.6269272e-001,  1.0573935e+000
 -2.1596979e+000,  1.6683244e+000
  1.4673370e+000,  9.0920513e-001
 -1.4593344e-001,  3.9307578e+000
 -3.4432510e-001,  1.4633428e+000
 -1.5141135e+000,  1.9154278e+000
  1.3509987e+000, -5.3126409e-001
 -1.6748427e-001,  4.0439976e+000
 -2.7588244e-002, -8.1184110e-001
 -1.5150568e+000,  1.7210597e+000
  1.6109346e+000, -2.9887295e-001
 -8.3946230e-001,  3.7701244e+000
  4.5057476e-002,  1.4441322e+000
 -8.9944593e-001,  2.5326148e+000
  1.3311399e+000,  2.6408558e-001
 -2.5025268e+000,  2.0976373e+000
  5.8609670e-001,  7.1157390e-002
 -6.3506245e-001,  2.0940174e+000
  1.4284926e+000,  2.7127095e-001
 -3.9776059e-001,  2.3420717e+000
  2.1883321e-001,  3.1568118e-001
 -3.1650965e-001,  1.2091682e+000
  7.6172837e-001, -5.1313250e-001
 -7.5613280e-001,  2.9505113e+000
  4.4753146e-001, -9.3072659e-001
 -1.1350559e+000,  3.1336085e+000
 -1.8233294e-001, -4.5917438e-001
 -1.4849392e+000,  1.9112687e+000
 -1.1302598e+000,  5.8619738e-001
 -1.4429671e+000,  3.6609929e+000
 -9.4102519e-001, -5.8979079e-001
 -1.8540261e+000,  3.4118774e+000
  1.0006541e+000,  3.0450553e-001
 -2.5079953e+000,  3.2037058e+000
 -6.9764725e-001, -3.6746545e-001
 -1.9298032e+000,  1.2635537e+000
  2.5438752e-001,  1.5349521e+000
 -1.7645949e-001,  2.2445165e+000
  1.3995231e+000,  1.2837030e+000
 -2.0194410e+000,  3.6472787e+000
  2.9488387e-001,  1.6003675e+000
 -2.5601624e+000,  1.2910268e+000
  8.8053167e-001, -4.3735127e-001
 -9.3184098e-001,  2.2888108e+000
 -2.0912182e-001,  8.2165060e-001
 -1.7052066e+000,  2.6611719e+000
 -3.0936111e-001,  1.7757324e+000
 -2.4018043e+000,  3.5037621e+000
  3.3744817e-001,  7.7042072e-001
 -1.1860905e+000,  1.7783634e+000
  1.3184070e+000,  1.5246248e+000
 -4.4191571e-001,  1.9910781e+000
  1.1450933e+000,  6.1681672e-001
 -9.5619227e-001,  2.3766666e+000
  5.8004918e-001,  1.2326598e+000
 -1.8036200e+000,  2.0543455e+000
  1.4279693e+000,  1.4182038e-001
 -1.4620503e+000,  9.4648425e-001
 -1.1449315e+000,  2.5452241e-001
 -1.2442487e+000,  2.7827503e+000
  3.5147574e-001,  1.4949009e+000
 -5.0986759e-001,  2.3743973e+000
  1.2491743e+000,  1.1691959e+000
 -1.4764286e-001,  1.2693499e+000
 -1.2180225e+000,  1.8373258e+000
 -2.0197214e+000,  8.9181049e-001
 -9.9875830e-001, -7.2890217e-001
  1.2592300e-002,  1.3142815e+000
 -1.0638098e-001,  4.0321747e-001
 -1.0811701e+000,  2.1707329e+000
  8.0308739e-001, -1.9085264e-001
 -1.9898437e+000,  3.0878163e+000
  9.5804133e-001, -2.0781712e-002
 -2.9569759e-001,  3.5252021e+000
  3.0730225e-001,  8.4533213e-001
  7.1313948e-002,  1.9028067e+000
  8.1572367e-001, -3.2334826e-001
 -2.3259667e+000,  2.5146343e+000
 -1.0018183e+000, -3.5013379e-001
 -5.7137740e-001,  2.1504577e+000
  8.9479448e-001,  4.0991468e-002
 -1.4590185e+000,  1.3374607e+000
  3.1040037e-001,  1.7457285e+000
 -8.7424607e-001,  1.3460991e+000
  2.1595593e-001, -6.1534762e-001
  8.1256524e-002,  2.5889682e+000
 -1.0022959e+000, -6.7339202e-003
 -9.7750548e-001,  1.5037423e+000
  8.5474981e-001, -7.1562407e-001
 -1.9764319e+000,  1.7104843e+000
  9.5677342e-001,  1.5747015e+000
 -2.3648045e+000,  2.4133113e+000
  4.0699503e-001,  5.2114083e-001
 -1.3271968e+000,  2.3223407e+000
  2.7495226e-001,  1.2447509e+000
 -2.3192240e+000,  2.3956365e+000
 -1.1454584e+000,  6.8489493e-001
  7.1604391e-002,  3.3458589e+000
  1.6285688e-001,  1.7222289e-001
  9.7010755e-002,  2.2276228e+000
 -8.9612819e-001,  1.1931250e+000
 -9.6224363e-001,  3.4302956e+000
 -1.2631944e+000, -3.0148706e-001
 -8.2006923e-001,  3.0953893e+000
  1.2019448e+000,  4.5875373e-001
 -1.9990110e+000,  3.0205973e+000
  7.3353329e-001,  2.1192734e-002
 -2.7330482e-003,  1.4989629e+000
  1.2326458e+000,  9.9015107e-001
 -4.7632093e-001,  2.9529927e+000
  1.0627085e+000,  2.7262566e-001
 -7.9463413e-003,  2.8773835e+000
 -8.3304828e-001,  1.7060520e-001
 -1.6003432e+000,  1.1852505e+000
 -1.0615658e-001,  5.5233878e-001
 -2.3198925e+000,  2.3320637e+000
  1.1929785e+000,  1.7248934e+000
 -3.0412388e-001,  2.3263603e+000
 -1.4608586e+000,  9.1415005e-002
  2.8874635e-001,  1.5276941e+000
  1.1428464e+000,  5.7971344e-001
 -3.3386560e-001,  9.2994905e-001
  7.2230222e-002,  1.7586368e+000
  3.5672986e-001,  3.0019468e+000
  9.7692243e-001,  1.8026840e+000
 -1.5594688e+000,  2.5425026e+000
 -2.9876653e-001, -3.7529477e-001
 -8.4043348e-001,  1.3878825e+000
 -8.5955838e-001,  1.1533329e+000
 -2.0191452e+000,  1.7880892e+000
  3.6991383e-001,  1.6418933e+000
 -9.0710116e-001,  2.2548992e+000
 -3.1987269e-001, -5.1671354e-002
 -1.7717856e+000,  2.6782867e+000
  1.0081563e-001,  1.9725685e-001
  4.3378917e-002,  2.6210802e+000
 -1.9928348e-001,  1.3612128e+000
 -4.8963437e-001,  1.6823453e+000
  9.2015731e-001,  1.8320145e+000
 -1.9624711e+000,  9.3157247e-001
  2.7739712e-001,  2.2715183e+000
 -1.1935900e-001,  1.3138955e+000
  1.0191112e+000,  1.9539562e+000
 -4.2108227e-001,  2.9282983e+000
 -1.0074071e-001,  2.1591171e-001
 -1.0307926e+000,  3.1418768e+000
 -1.8967069e-001,  9.2547513e-001
 -2.2911087e+000,  1.6907938e+000
 -9.3228288e-001,  2.0783609e+000
 -5.0672685e-001,  3.6280087e-001
  4.3873744e-001,  8.9689888e-001
 -2.2596847e+000,  1.6498815e+000
  1.9978845e-001,  1.6926292e-001
 -7.9520627e-001,  2.4683476e+000
  8.6043687e-003,  1.9070056e-001
  3.7017752e-002,  1.6304399e+000
 -1.5779987e+000,  1.2903606e+000
 -1.2307555e+000,  1.5864023e+000
 -1.7306164e-001,  2.4282290e+000
  4.1107042e-001,  1.8904752e+000
 -5.3129338e-001,  1.0000602e-001
 -1.7459249e+000,  2.2492352e+000
 -1.3763727e+000,  1.7805222e+000
 -1.1259343e+000,  1.9212778e+000
 -1.0693786e+000,  2.1797199e+000
 -6.8230492e-001,  9.0225105e-001
 -1.7089425e+000,  6.4085936e-001
 -2.0609211e-001,  4.2248852e-001
  2.5192716e-001,  2.2663604e-001
 -2.1204348e+000,  2.3659394e+000
 -7.5160444e-001,  1.8041629e+000
 -1.6557036e+000,  1.9960085e+000
 -1.4802078e+000,  1.7850998e+000
  4.2636993e-001,  2.2822317e+000
  3.7806556e-002, -1.9088349e-001
 -1.5939229e+000,  1.5516257e+000
  9.9493157e-001,  1.9006250e-001
 -5.5708045e-003,  1.4527077e+000
 -1.1462724e+000,  2.0902626e+000
  2.8513838e-001,  2.0604810e+000
 -8.5045329e-001,  6.5650692e-001
 -1.7687170e+000,  1.3036882e+000
 -5.5874357e-001,  2.8019073e-001
  5.8982374e-001,  2.7750124e+000
 -1.4587948e-001,  1.4588739e+000
 -2.1143225e+000,  2.5482094e+000
  6.8338298e-001,  1.4301302e+000
 -1.0739874e+000,  1.7284384e+000
 -5.9064881e-001,  1.2741624e+000
 -1.5111826e-002,  8.7431097e-001
 -8.0801238e-001,  2.6518940e-001
  1.2891403e-001,  9.0472074e-001
  7.6276192e-001,  7.2081978e-002
 -7.2088170e-001,  1.1182087e+000
  3.4332969e-001,  1.4851045e+000
 -1.4834592e+000,  2.1982417e+000
 -5.1131606e-001,  5.5020776e-001
  9.5486147e-002,  2.1928502e+000
 -1.6761954e+000,  6.1842108e-002
  1.8230572e-002,  2.3382544e+000
 -8.3497671e-001,  1.1846672e+000
  6.2438400e-001,  2.4187835e+000
 -6.8881444e-001,  2.6455299e+000
  2.9806963e-001,  1.3647421e+000
 -4.2637909e-001,  6.7117874e-001
  5.1302278e-001,  1.6927007e+000
 -8.4961297e-001,  2.3987732e+000
 -1.5139919e+000,  2.5944813e+000
 -1.1657046e+000,  1.2290498e+000
  1.3735468e-001,  1.7997754e-001
 -6.8736808e-002,  2.6015955e+000
  7.2727588e-002,  2.2050204e+000
 -1.4742906e+000,  2.6022368e+000
  6.2471137e-001,  7.0054438e-001
 -1.8622656e+000,  2.1352711e+000
 -1.5665303e+000,  2.4528243e+000
  1.2519421e-001,  2.1277008e+000
 -1.1640430e+000,  2.2303221e+000
  3.7367044e-001,  7.9676772e-001
  2.1933827e-001,  1.7700535e+000
 -1.5397501e+000,  2.5295939e+000
 -4.7700786e-001,  6.6672760e-001
  5.7755066e-001,  1.3856501e+000
